frame,t,w_y8,l_y8,r_y8,w_y20,l_y20,r_y20,w_y35,l_y35,r_y35,w_y55,l_y55,r_y55,w_y75,l_y75,r_y75,w_y95,l_y95,r_y95,w_y115,l_y115,r_y115,center_dark_bottom
0,0.0,600,504,1103,518,580,1097,451,580,1030,522,576,1097,1636,0,1635,0,,,0,,,90
1,0.0167,598,504,1101,518,580,1097,451,580,1030,522,576,1097,1636,0,1635,0,,,0,,,90
2,0.0333,596,506,1101,518,580,1097,451,580,1030,523,575,1097,1636,0,1635,0,,,0,,,90
3,0.05,596,504,1099,518,580,1097,451,580,1030,523,575,1097,1636,0,1635,0,,,0,,,90
4,0.0667,596,506,1101,518,580,1097,451,580,1030,523,575,1097,1636,0,1635,0,,,0,,,90
5,0.0833,594,506,1099,518,580,1097,451,580,1030,525,575,1099,1636,0,1635,0,,,0,,,90
6,0.1,592,508,1099,518,580,1097,451,580,1030,523,575,1097,1636,0,1635,0,,,0,,,90
7,0.1167,593,507,1099,517,580,1096,451,580,1030,523,575,1097,1636,0,1635,0,,,0,,,90
8,0.1333,592,508,1099,517,580,1096,451,580,1030,523,575,1097,1636,0,1635,0,,,0,,,90
9,0.15,593,507,1099,518,580,1097,451,580,1030,523,575,1097,1636,0,1635,0,,,0,,,90
10,0.1667,593,507,1099,518,580,1097,451,580,1030,523,575,1097,1636,0,1635,0,,,0,,,90
11,0.1833,592,508,1099,518,580,1097,451,580,1030,523,575,1097,1636,0,1635,0,,,0,,,90
12,0.2,592,508,1099,518,580,1097,451,580,1030,523,575,1097,1636,0,1635,0,,,0,,,90
13,0.2167,592,508,1099,518,580,1097,451,580,1030,523,575,1097,1636,0,1635,0,,,0,,,90
14,0.2333,594,508,1101,518,580,1097,451,580,1030,523,575,1097,1636,0,1635,0,,,0,,,90
15,0.25,592,508,1099,518,580,1097,451,580,1030,521,575,1095,1636,0,1635,0,,,0,,,90
16,0.2667,592,508,1099,518,580,1097,451,580,1030,521,575,1095,1636,0,1635,0,,,0,,,90
17,0.2833,592,508,1099,518,580,1097,451,580,1030,521,575,1095,1636,0,1635,0,,,0,,,90
18,0.3,593,507,1099,518,580,1097,451,580,1030,521,575,1095,1636,0,1635,0,,,0,,,90
19,0.3167,593,507,1099,518,580,1097,451,580,1030,521,575,1095,1636,0,1635,0,,,0,,,90
20,0.3333,593,507,1099,518,580,1097,451,580,1030,521,575,1095,1636,0,1635,0,,,0,,,90
21,0.35,593,507,1099,518,580,1097,451,580,1030,521,575,1095,1636,0,1635,0,,,0,,,90
22,0.3667,593,507,1099,518,580,1097,451,580,1030,521,575,1095,1636,0,1635,0,,,0,,,90
23,0.3833,593,507,1099,518,580,1097,451,580,1030,521,575,1095,1636,0,1635,0,,,0,,,90
24,0.4,593,507,1099,518,580,1097,451,580,1030,521,575,1095,1636,0,1635,0,,,0,,,90
25,0.4167,593,507,1099,518,580,1097,451,580,1030,521,575,1095,1636,0,1635,0,,,0,,,90
26,0.4333,593,507,1099,518,580,1097,451,580,1030,521,575,1095,1636,0,1635,0,,,0,,,90
27,0.45,593,507,1099,518,580,1097,451,580,1030,521,575,1095,1636,0,1635,0,,,0,,,90
28,0.4667,593,507,1099,518,580,1097,451,580,1030,521,575,1095,1636,0,1635,0,,,0,,,90
29,0.4833,593,507,1099,518,580,1097,451,580,1030,521,575,1095,1636,0,1635,0,,,0,,,90
30,0.5,593,507,1099,518,580,1097,451,580,1030,521,575,1095,1636,0,1635,0,,,0,,,90
31,0.5167,593,507,1099,518,580,1097,451,580,1030,521,575,1095,1636,0,1635,0,,,0,,,90
32,0.5333,593,507,1099,518,580,1097,451,580,1030,521,575,1095,1636,0,1635,0,,,0,,,90
33,0.55,593,507,1099,518,580,1097,451,580,1030,521,575,1095,1636,0,1635,0,,,0,,,90
34,0.5667,593,507,1099,518,580,1097,451,580,1030,521,575,1095,1636,0,1635,0,,,0,,,90
35,0.5833,593,507,1099,518,580,1097,451,580,1030,522,575,1096,1636,0,1635,0,,,0,,,90
36,0.6,593,507,1099,518,580,1097,451,580,1030,522,575,1096,1636,0,1635,0,,,0,,,90
37,0.6167,593,507,1099,517,580,1096,451,580,1030,522,575,1096,1636,0,1635,0,,,0,,,90
38,0.6333,593,507,1099,517,580,1096,451,580,1030,522,575,1096,1636,0,1635,0,,,0,,,90
39,0.65,593,507,1099,517,580,1096,451,580,1030,522,575,1096,1636,0,1635,0,,,0,,,90
40,0.6667,593,507,1099,517,580,1096,451,580,1030,522,575,1096,1636,0,1635,0,,,0,,,90
41,0.6833,593,507,1099,517,580,1096,451,580,1030,522,575,1096,1636,0,1635,0,,,0,,,90
42,0.7,593,507,1099,517,580,1096,451,580,1030,522,575,1096,1636,0,1635,0,,,0,,,90
43,0.7167,593,507,1099,517,580,1096,451,580,1030,522,575,1096,1636,0,1635,0,,,0,,,90
44,0.7333,593,507,1099,517,580,1096,451,580,1030,522,575,1096,1636,0,1635,0,,,0,,,90
45,0.75,593,507,1099,517,580,1096,451,580,1030,522,575,1096,1636,0,1635,0,,,0,,,90
46,0.7667,593,507,1099,517,580,1096,451,580,1030,522,575,1096,1636,0,1635,0,,,0,,,90
47,0.7833,593,507,1099,517,580,1096,451,580,1030,522,575,1096,1636,0,1635,0,,,0,,,90
48,0.8,593,507,1099,517,580,1096,451,580,1030,522,575,1096,1636,0,1635,0,,,0,,,90
49,0.8167,593,507,1099,517,580,1096,451,580,1030,522,575,1096,1636,0,1635,0,,,0,,,90
50,0.8333,593,507,1099,517,580,1096,451,580,1030,522,575,1096,1636,0,1635,0,,,0,,,90
51,0.85,593,507,1099,517,580,1096,451,580,1030,522,575,1096,1636,0,1635,0,,,0,,,90
52,0.8667,593,507,1099,517,580,1096,451,580,1030,522,575,1096,1636,0,1635,0,,,0,,,90
53,0.8833,593,507,1099,517,580,1096,451,580,1030,522,575,1096,1636,0,1635,0,,,0,,,90
54,0.9,593,507,1099,517,580,1096,451,580,1030,522,575,1096,1636,0,1635,0,,,0,,,90
55,0.9167,593,507,1099,517,580,1096,451,580,1030,522,575,1096,1636,0,1635,0,,,0,,,90
56,0.9333,593,507,1099,517,580,1096,451,580,1030,522,575,1096,1636,0,1635,0,,,0,,,90
57,0.95,593,507,1099,517,580,1096,451,580,1030,522,575,1096,1636,0,1635,0,,,0,,,90
58,0.9667,593,507,1099,517,580,1096,451,580,1030,522,575,1096,1636,0,1635,0,,,0,,,90
59,0.9833,593,507,1099,517,580,1096,451,580,1030,522,575,1096,1636,0,1635,0,,,0,,,90
60,1.0,598,506,1103,518,580,1097,451,580,1030,522,576,1097,1636,0,1635,0,,,0,,,90
61,1.0167,592,508,1099,518,580,1097,451,580,1030,522,576,1097,1636,0,1635,0,,,0,,,90
62,1.0333,592,508,1099,518,580,1097,451,580,1030,522,576,1097,1636,0,1635,0,,,0,,,90
63,1.05,592,508,1099,518,580,1097,451,580,1030,522,576,1097,1636,0,1635,0,,,0,,,90
64,1.0667,592,508,1099,517,580,1096,451,580,1030,522,576,1097,1636,0,1635,0,,,0,,,90
65,1.0833,592,508,1099,517,580,1096,451,580,1030,522,576,1097,1636,0,1635,0,,,0,,,90
66,1.1,592,508,1099,517,580,1096,451,580,1030,522,576,1097,1636,0,1635,0,,,0,,,90
67,1.1167,592,508,1099,518,580,1097,451,580,1030,522,576,1097,1636,0,1635,0,,,0,,,90
68,1.1333,592,508,1099,517,580,1096,451,580,1030,522,576,1097,1636,0,1635,0,,,0,,,90
69,1.15,592,508,1099,517,580,1096,451,580,1030,521,576,1096,1636,0,1635,0,,,0,,,90
70,1.1667,592,508,1099,517,580,1096,451,580,1030,522,575,1096,1636,0,1635,0,,,0,,,90
71,1.1833,592,508,1099,517,580,1096,451,580,1030,521,575,1095,1636,0,1635,0,,,0,,,90
72,1.2,592,508,1099,518,580,1097,451,580,1030,521,575,1095,1636,0,1635,0,,,0,,,90
73,1.2167,592,508,1099,518,580,1097,451,580,1030,521,575,1095,1636,0,1635,0,,,0,,,90
74,1.2333,592,508,1099,518,580,1097,451,580,1030,521,575,1095,1636,0,1635,0,,,0,,,90
75,1.25,592,508,1099,518,580,1097,451,580,1030,521,575,1095,1636,0,1635,0,,,0,,,90
76,1.2667,592,508,1099,518,580,1097,451,580,1030,521,575,1095,1636,0,1635,0,,,0,,,90
77,1.2833,592,508,1099,518,580,1097,451,580,1030,521,575,1095,1636,0,1635,0,,,0,,,90
78,1.3,592,508,1099,518,580,1097,451,580,1030,523,575,1097,1636,0,1635,0,,,0,,,90
79,1.3167,592,508,1099,518,580,1097,451,580,1030,523,575,1097,1636,0,1635,0,,,0,,,90
80,1.3333,592,508,1099,518,580,1097,451,580,1030,522,575,1096,1636,0,1635,0,,,0,,,90
81,1.35,592,508,1099,518,580,1097,451,580,1030,522,575,1096,1636,0,1635,0,,,0,,,90
82,1.3667,592,508,1099,518,580,1097,451,580,1030,522,575,1096,1636,0,1635,0,,,0,,,90
83,1.3833,593,507,1099,518,580,1097,451,580,1030,523,575,1097,1636,0,1635,0,,,0,,,90
84,1.4,593,507,1099,518,580,1097,451,580,1030,523,575,1097,1636,0,1635,0,,,0,,,90
85,1.4167,593,507,1099,518,580,1097,451,580,1030,523,575,1097,1636,0,1635,0,,,0,,,90
86,1.4333,593,507,1099,518,580,1097,451,580,1030,523,575,1097,1636,0,1635,0,,,0,,,90
87,1.45,593,507,1099,518,580,1097,451,580,1030,523,575,1097,1636,0,1635,0,,,0,,,90
88,1.4667,593,507,1099,518,580,1097,451,580,1030,523,575,1097,1636,0,1635,0,,,0,,,90
89,1.4833,593,507,1099,518,580,1097,451,580,1030,523,575,1097,1636,0,1635,0,,,0,,,90
90,1.5,593,507,1099,518,580,1097,451,580,1030,523,575,1097,1636,0,1635,0,,,0,,,90
91,1.5167,593,507,1099,518,580,1097,451,580,1030,521,575,1095,1636,0,1635,0,,,0,,,90
92,1.5333,593,507,1099,518,580,1097,451,580,1030,521,575,1095,1636,0,1635,0,,,0,,,90
93,1.55,593,507,1099,518,580,1097,451,580,1030,521,575,1095,1636,0,1635,0,,,0,,,90
94,1.5667,593,507,1099,518,580,1097,451,580,1030,521,575,1095,1636,0,1635,0,,,0,,,90
95,1.5833,593,507,1099,518,580,1097,451,580,1030,521,575,1095,1636,0,1635,0,,,0,,,90
96,1.6,593,507,1099,518,580,1097,451,580,1030,521,575,1095,1636,0,1635,0,,,0,,,90
97,1.6167,593,507,1099,518,580,1097,451,580,1030,521,575,1095,1636,0,1635,0,,,0,,,90
98,1.6333,593,507,1099,518,580,1097,451,580,1030,521,575,1095,1636,0,1635,0,,,0,,,90
99,1.65,593,507,1099,518,580,1097,451,580,1030,521,575,1095,1636,0,1635,0,,,0,,,90
100,1.6667,593,507,1099,518,580,1097,451,580,1030,521,575,1095,1636,0,1635,0,,,0,,,90
101,1.6833,593,507,1099,518,580,1097,451,580,1030,521,575,1095,1636,0,1635,0,,,0,,,90
102,1.7,593,507,1099,518,580,1097,451,580,1030,521,575,1095,1636,0,1635,0,,,0,,,90
103,1.7167,593,507,1099,518,580,1097,451,580,1030,521,575,1095,1636,0,1635,0,,,0,,,90
104,1.7333,593,507,1099,518,580,1097,451,580,1030,521,575,1095,1636,0,1635,0,,,0,,,90
105,1.75,593,507,1099,518,580,1097,451,580,1030,521,575,1095,1636,0,1635,0,,,0,,,90
106,1.7667,593,507,1099,518,580,1097,451,580,1030,521,575,1095,1636,0,1635,0,,,0,,,90
107,1.7833,593,507,1099,518,580,1097,451,580,1030,521,575,1095,1636,0,1635,0,,,0,,,90
108,1.8,593,507,1099,518,580,1097,451,580,1030,521,575,1095,1636,0,1635,0,,,0,,,90
109,1.8167,593,507,1099,518,580,1097,451,580,1030,521,575,1095,1636,0,1635,0,,,0,,,90
110,1.8333,593,507,1099,518,580,1097,451,580,1030,521,575,1095,1636,0,1635,0,,,0,,,90
111,1.85,593,507,1099,518,580,1097,451,580,1030,521,575,1095,1636,0,1635,0,,,0,,,90
112,1.8667,593,507,1099,518,580,1097,451,580,1030,521,575,1095,1636,0,1635,0,,,0,,,90
113,1.8833,593,507,1099,518,580,1097,451,580,1030,521,575,1095,1636,0,1635,0,,,0,,,90
114,1.9,593,507,1099,518,580,1097,451,580,1030,521,575,1095,1636,0,1635,0,,,0,,,90
115,1.9167,593,507,1099,518,580,1097,451,580,1030,521,575,1095,1636,0,1635,0,,,0,,,90
116,1.9333,593,507,1099,518,580,1097,451,580,1030,521,575,1095,1636,0,1635,0,,,0,,,90
117,1.95,593,507,1099,518,580,1097,451,580,1030,521,575,1095,1636,0,1635,0,,,0,,,90
118,1.9667,593,507,1099,518,580,1097,451,580,1030,522,576,1097,1636,0,1635,0,,,0,,,90
119,1.9833,593,507,1099,518,580,1097,451,580,1030,523,575,1097,1636,0,1635,0,,,0,,,90
120,2.0,594,506,1099,518,580,1097,450,580,1029,522,576,1097,1636,0,1635,0,,,0,,,90
121,2.0167,593,507,1099,518,580,1097,451,580,1030,523,575,1097,1636,0,1635,0,,,0,,,90
122,2.0333,593,507,1099,518,580,1097,451,580,1030,523,575,1097,1636,0,1635,0,,,0,,,90
123,2.05,593,507,1099,517,580,1096,451,580,1030,523,575,1097,1636,0,1635,0,,,0,,,90
124,2.0667,593,507,1099,517,580,1096,451,580,1030,523,575,1097,1636,0,1635,0,,,0,,,90
125,2.0833,593,507,1099,517,580,1096,451,580,1030,523,575,1097,1636,0,1635,0,,,0,,,90
126,2.1,593,507,1099,517,580,1096,451,580,1030,523,575,1097,1636,0,1635,0,,,0,,,90
127,2.1167,593,507,1099,517,580,1096,451,580,1030,523,575,1097,1636,0,1635,0,,,0,,,90
128,2.1333,592,508,1099,518,580,1097,451,580,1030,523,575,1097,1636,0,1635,0,,,0,,,90
129,2.15,592,508,1099,518,580,1097,451,580,1030,521,575,1095,1636,0,1635,0,,,0,,,90
130,2.1667,592,508,1099,518,580,1097,451,580,1030,523,575,1097,1636,0,1635,0,,,0,,,90
131,2.1833,592,508,1099,518,580,1097,451,580,1030,523,575,1097,1636,0,1635,0,,,0,,,90
132,2.2,592,508,1099,518,580,1097,451,580,1030,523,575,1097,1636,0,1635,0,,,0,,,90
133,2.2167,592,508,1099,518,580,1097,451,580,1030,521,575,1095,1636,0,1635,0,,,0,,,90
134,2.2333,592,508,1099,518,580,1097,451,580,1030,521,575,1095,1636,0,1635,0,,,0,,,90
135,2.25,592,508,1099,518,580,1097,451,580,1030,521,575,1095,1636,0,1635,0,,,0,,,90
136,2.2667,592,508,1099,518,580,1097,451,580,1030,521,575,1095,1636,0,1635,0,,,0,,,90
137,2.2833,592,508,1099,518,580,1097,451,580,1030,521,575,1095,1636,0,1635,0,,,0,,,90
138,2.3,592,508,1099,518,580,1097,451,580,1030,521,575,1095,1636,0,1635,0,,,0,,,90
139,2.3167,593,508,1100,518,580,1097,451,580,1030,521,575,1095,1636,0,1635,0,,,0,,,90
140,2.3333,592,508,1099,518,580,1097,451,580,1030,521,575,1095,1636,0,1635,0,,,0,,,90
141,2.35,592,508,1099,518,580,1097,451,580,1030,521,575,1095,1636,0,1635,0,,,0,,,90
142,2.3667,592,508,1099,518,580,1097,451,580,1030,521,575,1095,1636,0,1635,0,,,0,,,90
143,2.3833,592,508,1099,518,580,1097,451,580,1030,521,575,1095,1636,0,1635,0,,,0,,,90
144,2.4,592,508,1099,518,580,1097,451,580,1030,521,575,1095,1636,0,1635,0,,,0,,,90
145,2.4167,592,508,1099,518,580,1097,451,580,1030,521,575,1095,1636,0,1635,0,,,0,,,90
146,2.4333,592,508,1099,518,580,1097,451,580,1030,521,575,1095,1636,0,1635,0,,,0,,,90
147,2.45,592,508,1099,518,580,1097,451,580,1030,521,575,1095,1636,0,1635,0,,,0,,,90
148,2.4667,592,508,1099,518,580,1097,451,580,1030,521,575,1095,1636,0,1635,0,,,0,,,90
149,2.4833,592,508,1099,518,580,1097,451,580,1030,521,575,1095,1636,0,1635,0,,,0,,,90
150,2.5,592,508,1099,518,580,1097,451,580,1030,521,575,1095,1636,0,1635,0,,,0,,,90
151,2.5167,592,508,1099,518,580,1097,451,580,1030,523,575,1097,1636,0,1635,0,,,0,,,90
152,2.5333,593,507,1099,518,580,1097,451,580,1030,523,575,1097,1636,0,1635,0,,,0,,,90
153,2.55,593,507,1099,518,580,1097,451,580,1030,523,575,1097,1636,0,1635,0,,,0,,,90
154,2.5667,593,507,1099,518,580,1097,451,580,1030,521,575,1095,1636,0,1635,0,,,0,,,90
155,2.5833,592,508,1099,518,580,1097,451,580,1030,521,575,1095,1636,0,1635,0,,,0,,,90
156,2.6,593,507,1099,518,580,1097,451,580,1030,523,575,1097,1636,0,1635,0,,,0,,,90
157,2.6167,593,507,1099,518,580,1097,451,580,1030,523,575,1097,1636,0,1635,0,,,0,,,90
158,2.6333,593,507,1099,518,580,1097,451,580,1030,523,575,1097,1636,0,1635,0,,,0,,,90
159,2.65,593,507,1099,518,580,1097,451,580,1030,523,575,1097,1636,0,1635,0,,,0,,,90
160,2.6667,593,507,1099,518,580,1097,451,580,1030,523,575,1097,1636,0,1635,0,,,0,,,90
161,2.6833,593,507,1099,518,580,1097,451,580,1030,523,575,1097,1636,0,1635,0,,,0,,,90
162,2.7,593,507,1099,518,580,1097,451,580,1030,523,575,1097,1636,0,1635,0,,,0,,,90
163,2.7167,593,507,1099,518,580,1097,451,580,1030,523,575,1097,1636,0,1635,0,,,0,,,90
164,2.7333,593,507,1099,518,580,1097,451,580,1030,523,575,1097,1636,0,1635,0,,,0,,,90
165,2.75,593,507,1099,518,580,1097,451,580,1030,523,575,1097,1636,0,1635,0,,,0,,,90
166,2.7667,593,507,1099,518,580,1097,451,580,1030,523,575,1097,1636,0,1635,0,,,0,,,90
167,2.7833,593,507,1099,518,580,1097,451,580,1030,523,575,1097,1636,0,1635,0,,,0,,,90
168,2.8,593,507,1099,518,580,1097,451,580,1030,523,575,1097,1636,0,1635,0,,,0,,,90
169,2.8167,593,507,1099,518,580,1097,451,580,1030,523,575,1097,1636,0,1635,0,,,0,,,90
170,2.8333,593,507,1099,518,580,1097,451,580,1030,523,575,1097,1636,0,1635,0,,,0,,,90
171,2.85,593,507,1099,518,580,1097,451,580,1030,523,575,1097,1636,0,1635,0,,,0,,,90
172,2.8667,593,507,1099,518,580,1097,451,580,1030,523,575,1097,1636,0,1635,0,,,0,,,90
173,2.8833,593,507,1099,518,580,1097,451,580,1030,523,575,1097,1636,0,1635,0,,,0,,,90
174,2.9,594,506,1099,518,580,1097,451,580,1030,522,576,1097,1636,0,1635,0,,,0,,,90
175,2.9167,594,506,1099,518,580,1097,451,580,1030,522,576,1097,1636,0,1635,0,,,0,,,90
176,2.9333,594,506,1099,518,580,1097,451,580,1030,523,575,1097,1636,0,1635,0,,,0,,,90
177,2.95,594,506,1099,518,580,1097,451,580,1030,523,575,1097,1636,0,1635,0,,,0,,,90
178,2.9667,594,506,1099,518,580,1097,451,580,1030,523,575,1097,1636,0,1635,0,,,0,,,90
179,2.9833,593,507,1099,518,580,1097,451,580,1030,523,575,1097,1636,0,1635,0,,,0,,,90
180,3.0,594,506,1099,518,580,1097,451,580,1030,522,576,1097,1636,0,1635,0,,,0,,,90
181,3.0167,594,506,1099,518,580,1097,451,580,1030,523,575,1097,1636,0,1635,0,,,0,,,90
182,3.0333,594,506,1099,518,580,1097,451,580,1030,523,575,1097,1636,0,1635,0,,,0,,,90
183,3.05,594,506,1099,518,580,1097,451,580,1030,523,575,1097,1636,0,1635,0,,,0,,,90
184,3.0667,593,507,1099,518,580,1097,451,580,1030,523,575,1097,1636,0,1635,0,,,0,,,90
185,3.0833,592,507,1098,518,580,1097,451,580,1030,523,575,1097,1636,0,1635,0,,,0,,,90
186,3.1,592,507,1098,518,580,1097,451,580,1030,523,575,1097,1636,0,1635,0,,,0,,,90
187,3.1167,592,507,1098,518,580,1097,451,580,1030,523,575,1097,1636,0,1635,0,,,0,,,90
188,3.1333,591,508,1098,518,580,1097,451,580,1030,523,575,1097,1636,0,1635,0,,,0,,,90
189,3.15,591,508,1098,518,580,1097,451,580,1030,523,575,1097,1636,0,1635,0,,,0,,,90
190,3.1667,591,508,1098,518,580,1097,451,580,1030,523,575,1097,1636,0,1635,0,,,0,,,90
191,3.1833,592,508,1099,590,508,1097,523,508,1030,590,508,1097,1636,0,1635,0,,,0,,,90
192,3.2,592,508,1099,590,508,1097,523,508,1030,590,508,1097,1636,0,1635,0,,,0,,,90
193,3.2167,592,508,1099,590,508,1097,523,508,1030,590,508,1097,1636,0,1635,0,,,0,,,90
194,3.2333,592,508,1099,590,508,1097,523,508,1030,590,508,1097,1636,0,1635,0,,,0,,,90
195,3.25,592,508,1099,590,508,1097,523,508,1030,590,508,1097,1636,0,1635,0,,,0,,,90
196,3.2667,592,508,1099,590,508,1097,523,508,1030,588,510,1097,1636,0,1635,0,,,0,,,90
197,3.2833,592,508,1099,590,508,1097,523,508,1030,586,510,1095,1636,0,1635,0,,,0,,,90
198,3.3,596,504,1099,594,504,1097,529,504,1032,596,504,1099,1636,0,1635,0,,,0,,,90
199,3.3167,602,500,1101,596,503,1098,533,502,1034,597,503,1099,1636,0,1635,567,518,1084,0,,,96
200,3.3333,604,502,1105,598,503,1100,535,502,1036,599,503,1101,1636,0,1635,585,510,1094,0,,,101
201,3.35,607,499,1105,598,502,1099,540,500,1039,599,502,1100,1636,0,1635,595,504,1098,559,522,1080,116
202,3.3667,608,498,1105,597,502,1098,538,502,1039,598,502,1099,1636,0,1635,593,505,1097,564,519,1082,118
203,3.3833,608,500,1107,597,502,1098,540,502,1041,595,505,1099,1636,0,1635,591,507,1097,43,812,854,123
204,3.4,610,498,1107,597,502,1098,538,505,1042,595,505,1099,1636,0,1635,67,800,866,41,813,853,134
205,3.4167,610,500,1109,595,504,1098,539,505,1043,596,505,1100,1636,0,1635,67,800,866,40,814,853,134
206,3.4333,610,498,1107,597,501,1097,541,503,1043,598,502,1099,1636,0,1635,66,799,864,40,813,852,138
207,3.45,610,498,1107,596,502,1097,542,502,1043,596,504,1099,1636,0,1635,66,799,864,40,813,852,140
208,3.4667,608,498,1105,596,502,1097,540,504,1043,595,505,1099,1636,0,1635,66,799,864,40,813,852,140
209,3.4833,608,498,1105,596,502,1097,540,504,1043,598,502,1099,1636,0,1635,66,799,864,40,813,852,140
210,3.5,608,498,1105,596,502,1097,540,504,1043,595,505,1099,1636,0,1635,66,799,864,40,813,852,140
211,3.5167,608,498,1105,596,502,1097,540,504,1043,596,504,1099,1636,0,1635,66,799,864,40,813,852,140
212,3.5333,608,498,1105,598,500,1097,540,504,1043,595,505,1099,1636,0,1635,66,799,864,40,813,852,140
213,3.55,610,496,1105,598,500,1097,540,504,1043,595,505,1099,1636,0,1635,66,799,864,40,813,852,140
214,3.5667,608,498,1105,598,500,1097,540,504,1043,596,504,1099,1636,0,1635,66,799,864,40,813,852,140
215,3.5833,606,500,1105,596,502,1097,540,504,1043,596,504,1099,1636,0,1635,66,799,864,40,813,852,140
216,3.6,527,579,1105,518,580,1097,464,580,1043,524,574,1097,1636,0,1635,66,799,864,40,813,852,140
217,3.6167,527,580,1106,518,580,1097,464,580,1043,525,575,1099,1636,0,1635,65,800,864,40,813,852,140
218,3.6333,525,580,1104,518,580,1097,464,580,1043,524,576,1099,1636,0,1635,65,800,864,40,813,852,140
219,3.65,533,579,1111,517,581,1097,463,581,1043,524,576,1099,1636,0,1635,65,799,863,40,813,852,140
220,3.6667,529,579,1107,517,581,1097,463,581,1043,521,577,1097,1636,0,1635,65,799,863,40,813,852,140
221,3.6833,528,580,1107,517,581,1097,463,581,1043,521,577,1097,1636,0,1635,66,799,864,40,813,852,140
222,3.7,528,580,1107,518,580,1097,464,580,1043,520,578,1097,1636,0,1635,66,799,864,40,813,852,140
223,3.7167,530,578,1107,520,578,1097,466,578,1043,522,576,1097,1636,0,1635,66,799,864,40,813,852,140
224,3.7333,533,575,1107,523,575,1097,469,575,1043,524,574,1097,1636,0,1635,66,799,864,40,813,852,140
225,3.75,535,571,1105,527,571,1097,473,571,1043,528,571,1098,1636,0,1635,66,799,864,40,813,852,140
226,3.7667,541,565,1105,533,565,1097,479,565,1043,535,563,1097,1636,0,1635,66,799,864,40,813,852,140
227,3.7833,551,557,1107,541,557,1097,486,558,1043,543,557,1099,1636,0,1635,65,800,864,40,813,852,140
228,3.8,560,552,1111,546,552,1097,492,552,1043,546,552,1097,1636,0,1635,65,799,863,40,813,852,140
229,3.8167,552,556,1107,541,557,1097,487,557,1043,542,556,1097,1636,0,1635,65,799,863,40,813,852,140
230,3.8333,549,559,1107,537,561,1097,483,561,1043,539,560,1098,1636,0,1635,66,799,864,40,813,852,140
231,3.85,546,562,1107,534,564,1097,479,565,1043,534,564,1097,1636,0,1635,66,799,864,40,813,852,140
232,3.8667,544,564,1107,528,570,1097,474,570,1043,530,568,1097,1636,0,1635,66,799,864,40,813,852,140
233,3.8833,541,567,1107,524,574,1097,471,573,1043,527,571,1097,1636,0,1635,66,799,864,40,813,852,141
234,3.9,539,569,1107,523,575,1097,469,575,1043,524,574,1097,1636,0,1635,66,799,864,40,813,852,141
235,3.9167,539,571,1109,521,577,1097,467,577,1043,524,576,1099,1636,0,1635,66,799,864,40,813,852,140
236,3.9333,534,572,1105,520,578,1097,466,578,1043,523,577,1099,1636,0,1635,66,799,864,40,813,852,140
237,3.95,533,573,1105,519,579,1097,465,579,1043,522,578,1099,1636,0,1635,66,799,864,40,813,852,140
238,3.9667,534,574,1107,518,580,1097,464,580,1043,520,578,1097,1636,0,1635,66,799,864,40,813,852,140
239,3.9833,532,574,1105,518,580,1097,464,580,1043,519,579,1097,1636,0,1635,66,799,864,40,813,852,140
240,4.0,530,575,1104,518,580,1097,464,580,1043,521,579,1099,1636,0,1635,65,800,864,40,813,852,140
241,4.0167,531,575,1105,518,580,1097,464,580,1043,519,579,1097,1636,0,1635,65,799,863,40,813,852,141
242,4.0333,531,575,1105,518,580,1097,464,580,1043,520,579,1098,1636,0,1635,65,799,863,40,813,852,140
243,4.05,532,574,1105,518,580,1097,464,580,1043,519,579,1097,1636,0,1635,66,799,864,40,813,852,140
244,4.0667,531,574,1104,518,580,1097,464,580,1043,519,579,1097,1636,0,1635,66,799,864,40,813,852,141
245,4.0833,531,574,1104,518,580,1097,464,580,1043,519,579,1097,1636,0,1635,66,799,864,40,813,852,141
246,4.1,531,574,1104,518,580,1097,464,580,1043,519,579,1097,1636,0,1635,66,799,864,40,813,852,141
247,4.1167,531,574,1104,518,580,1097,464,580,1043,520,579,1098,1636,0,1635,66,799,864,40,813,852,141
248,4.1333,531,574,1104,518,580,1097,464,580,1043,520,579,1098,1636,0,1635,66,799,864,40,813,852,141
249,4.15,531,574,1104,518,580,1097,464,580,1043,520,579,1098,1636,0,1635,66,799,864,40,813,852,141
250,4.1667,531,574,1104,518,580,1097,464,580,1043,520,579,1098,1636,0,1635,66,799,864,40,813,852,140
251,4.1833,531,574,1104,518,580,1097,464,580,1043,521,579,1099,1636,0,1635,66,799,864,40,813,852,140
252,4.2,532,574,1105,518,580,1097,464,580,1043,521,579,1099,1636,0,1635,66,799,864,40,813,852,140
253,4.2167,532,574,1105,518,580,1097,464,580,1043,519,579,1097,1636,0,1635,66,799,864,40,813,852,140
254,4.2333,532,574,1105,518,580,1097,464,580,1043,519,579,1097,1636,0,1635,66,799,864,40,813,852,140
255,4.25,532,574,1105,518,580,1097,464,580,1043,520,579,1098,1636,0,1635,66,799,864,40,813,852,140
256,4.2667,532,574,1105,518,580,1097,464,580,1043,519,579,1097,1636,0,1635,66,799,864,40,813,852,140
257,4.2833,529,575,1103,518,580,1097,464,580,1043,521,579,1099,1636,0,1635,65,800,864,40,813,852,141
258,4.3,529,575,1103,518,580,1097,464,580,1043,521,579,1099,1636,0,1635,65,800,864,40,813,852,141
259,4.3167,529,575,1103,466,580,1045,464,580,1043,521,579,1099,1636,0,1635,65,799,863,40,813,852,141
260,4.3333,532,574,1105,466,580,1045,464,580,1043,520,579,1098,1636,0,1635,65,799,863,40,813,852,141
261,4.35,532,574,1105,464,580,1043,463,580,1042,520,579,1098,1636,0,1635,66,799,864,40,813,852,141
262,4.3667,532,574,1105,465,580,1044,463,580,1042,519,579,1097,1636,0,1635,66,799,864,40,813,852,141
263,4.3833,531,575,1105,518,580,1097,464,580,1043,519,579,1097,1636,0,1635,66,799,864,40,813,852,141
264,4.4,531,575,1105,518,580,1097,464,580,1043,519,579,1097,1636,0,1635,66,799,864,40,813,852,141
265,4.4167,529,575,1103,518,580,1097,464,580,1043,521,579,1099,1636,0,1635,65,800,864,40,813,852,141
266,4.4333,529,575,1103,518,580,1097,464,580,1043,519,579,1097,1636,0,1635,65,799,863,40,813,852,141
267,4.45,532,574,1105,518,580,1097,464,580,1043,520,579,1098,1636,0,1635,65,799,863,40,813,852,141
268,4.4667,532,574,1105,518,580,1097,464,580,1043,520,579,1098,1636,0,1635,66,799,864,40,813,852,141
269,4.4833,532,574,1105,518,580,1097,464,580,1043,519,579,1097,1636,0,1635,66,799,864,40,813,852,141
270,4.5,532,574,1105,518,580,1097,464,580,1043,519,579,1097,1636,0,1635,66,799,864,40,813,852,140
271,4.5167,530,574,1103,518,580,1097,464,580,1043,519,579,1097,1636,0,1635,66,799,864,40,813,852,140
272,4.5333,532,574,1105,518,580,1097,464,580,1043,519,579,1097,1636,0,1635,66,799,864,40,813,852,140
273,4.55,532,574,1105,518,580,1097,464,580,1043,519,579,1097,1636,0,1635,66,799,864,40,813,852,140
274,4.5667,531,574,1104,518,580,1097,464,580,1043,521,579,1099,1636,0,1635,66,799,864,40,813,852,140
275,4.5833,531,574,1104,518,580,1097,464,580,1043,521,579,1099,1636,0,1635,66,799,864,40,813,852,140
276,4.6,532,574,1105,518,580,1097,464,580,1043,521,579,1099,1636,0,1635,66,799,864,40,813,852,140
277,4.6167,532,574,1105,518,580,1097,464,580,1043,521,579,1099,1636,0,1635,66,799,864,40,813,852,140
278,4.6333,532,574,1105,518,580,1097,464,580,1043,521,579,1099,1636,0,1635,66,799,864,40,813,852,140
279,4.65,530,575,1104,518,580,1097,464,580,1043,520,579,1098,1636,0,1635,65,800,864,40,813,852,140
280,4.6667,533,575,1107,518,580,1097,464,580,1043,520,579,1098,1636,0,1635,65,799,863,40,813,852,140
281,4.6833,532,575,1106,518,580,1097,464,580,1043,519,579,1097,1636,0,1635,65,799,863,40,813,852,140
282,4.7,532,575,1106,518,580,1097,464,580,1043,519,579,1097,1636,0,1635,66,799,864,40,813,852,140
283,4.7167,532,575,1106,518,580,1097,464,580,1043,519,579,1097,1636,0,1635,66,799,864,40,813,852,140
284,4.7333,532,575,1106,518,580,1097,464,580,1043,518,580,1097,1636,0,1635,66,799,864,40,813,852,140
285,4.75,533,574,1106,518,580,1097,464,580,1043,519,579,1097,1636,0,1635,66,799,864,40,813,852,140
286,4.7667,533,574,1106,518,580,1097,464,580,1043,519,579,1097,1636,0,1635,66,799,864,40,813,852,140
287,4.7833,533,574,1106,518,580,1097,464,580,1043,521,579,1099,1636,0,1635,66,799,864,40,813,852,140
288,4.8,533,574,1106,518,580,1097,464,580,1043,521,579,1099,1636,0,1635,66,799,864,40,813,852,140
289,4.8167,533,574,1106,518,580,1097,464,580,1043,521,579,1099,1636,0,1635,66,799,864,40,813,852,140
290,4.8333,608,498,1105,594,504,1097,538,506,1043,591,506,1096,1636,0,1635,36,793,828,33,901,933,140
291,4.85,608,498,1105,594,504,1097,538,506,1043,591,506,1096,1636,0,1635,36,793,828,33,901,933,140
292,4.8667,608,498,1105,594,504,1097,538,506,1043,591,506,1096,1636,0,1635,36,793,828,33,901,933,140
293,4.8833,608,498,1105,594,504,1097,538,506,1043,591,506,1096,1636,0,1635,36,793,828,33,901,933,140
294,4.9,608,498,1105,594,504,1097,538,506,1043,591,506,1096,1636,0,1635,36,793,828,33,901,933,140
295,4.9167,608,498,1105,594,504,1097,538,506,1043,592,506,1097,1636,0,1635,36,793,828,33,901,933,140
296,4.9333,608,498,1105,594,504,1097,538,506,1043,592,506,1097,1636,0,1635,36,793,828,33,901,933,140
297,4.95,608,498,1105,594,504,1097,538,506,1043,592,506,1097,1636,0,1635,36,793,828,33,901,933,140
298,4.9667,609,497,1105,594,504,1097,538,506,1043,592,506,1097,1636,0,1635,36,793,828,33,901,933,140
299,4.9833,608,498,1105,541,504,1044,538,506,1043,592,506,1097,1636,0,1635,36,793,828,33,901,933,140
300,5.0,607,498,1104,541,504,1044,539,505,1043,594,505,1098,1636,0,1635,34,794,827,33,901,933,140
301,5.0167,609,500,1108,594,504,1097,539,505,1043,593,505,1097,1636,0,1635,34,794,827,33,901,933,140
302,5.0333,609,500,1108,594,504,1097,539,505,1043,593,505,1097,1636,0,1635,34,794,827,33,901,933,140
303,5.05,607,500,1106,594,504,1097,540,504,1043,593,505,1097,1636,0,1635,35,794,828,33,901,933,140
304,5.0667,607,498,1104,594,504,1097,540,504,1043,596,504,1099,1636,0,1635,34,794,827,33,901,933,140
305,5.0833,612,500,1111,594,504,1097,540,504,1043,596,504,1099,1636,0,1635,34,794,827,33,901,933,140
306,5.1,606,498,1103,594,504,1097,540,504,1043,596,504,1099,1636,0,1635,34,794,827,33,901,933,140
307,5.1167,604,500,1103,594,504,1097,539,505,1043,594,504,1097,1636,0,1635,34,794,827,33,901,933,140
308,5.1333,604,500,1103,594,504,1097,539,505,1043,594,504,1097,1636,0,1635,34,794,827,33,901,933,140
309,5.15,604,500,1103,594,504,1097,539,505,1043,594,504,1097,1636,0,1635,36,793,828,33,901,933,140
310,5.1667,604,500,1103,594,504,1097,540,504,1043,594,504,1097,1636,0,1635,36,793,828,33,901,933,140
311,5.1833,606,500,1105,594,504,1097,540,504,1043,594,504,1097,1636,0,1635,36,793,828,33,901,933,140
312,5.2,607,498,1104,594,504,1097,540,504,1043,595,504,1098,1636,0,1635,34,794,827,33,901,933,140
313,5.2167,610,500,1109,594,504,1097,539,505,1043,594,504,1097,1636,0,1635,34,794,827,33,901,933,140
314,5.2333,610,500,1109,594,504,1097,539,505,1043,594,504,1097,1636,0,1635,34,794,827,33,901,933,140
315,5.25,610,500,1109,594,504,1097,539,505,1043,593,505,1097,1636,0,1635,36,793,828,33,901,933,140
316,5.2667,528,578,1105,529,569,1097,464,580,1043,532,566,1097,1636,0,1635,36,793,828,33,901,933,140
317,5.2833,528,578,1105,529,569,1097,464,580,1043,529,569,1097,1636,0,1635,36,793,828,33,901,933,140
318,5.3,526,579,1104,529,569,1097,464,580,1043,532,566,1097,1636,0,1635,36,793,828,33,901,933,140
319,5.3167,525,580,1104,529,569,1097,463,581,1043,528,570,1097,1636,0,1635,36,793,828,33,901,933,140
320,5.3333,525,580,1104,521,577,1097,463,581,1043,528,570,1097,1636,0,1635,36,793,828,33,901,933,140
321,5.35,527,580,1106,519,579,1097,464,580,1043,522,576,1097,1636,0,1635,36,793,828,33,901,933,140
322,5.3667,529,579,1107,520,578,1097,465,579,1043,523,575,1097,1636,0,1635,36,793,828,33,901,933,140
323,5.3833,531,577,1107,522,576,1097,468,576,1043,524,574,1097,1636,0,1635,36,793,828,33,901,933,140
324,5.4,536,572,1107,526,572,1097,472,572,1043,526,572,1097,1636,0,1635,36,793,828,33,901,933,140
325,5.4167,537,567,1103,532,566,1097,478,566,1043,533,566,1098,1636,0,1635,34,794,827,33,901,933,140
326,5.4333,544,560,1103,538,560,1097,485,559,1043,539,559,1097,1636,0,1635,34,794,827,33,901,933,140
327,5.45,554,552,1105,546,552,1097,492,552,1043,546,552,1097,1636,0,1635,35,793,827,33,901,933,140
328,5.4667,553,553,1105,543,555,1097,489,555,1043,545,553,1097,1636,0,1635,36,793,828,33,901,933,140
329,5.4833,549,557,1105,538,560,1097,484,560,1043,540,558,1097,1636,0,1635,36,793,828,33,901,933,140
330,5.5,548,560,1107,534,564,1097,481,563,1043,536,562,1097,1636,0,1635,36,793,828,33,901,933,140
331,5.5167,548,562,1109,530,568,1097,476,568,1043,532,566,1097,1636,0,1635,36,793,828,33,901,933,140
332,5.5333,544,562,1105,527,571,1097,474,570,1043,529,569,1097,1636,0,1635,36,793,828,33,901,933,140
333,5.55,542,564,1105,524,574,1097,471,573,1043,528,570,1097,1636,0,1635,36,793,828,33,901,933,140
334,5.5667,545,561,1105,522,576,1097,469,575,1043,527,571,1097,1636,0,1635,36,793,828,33,901,933,140
335,5.5833,545,561,1105,521,577,1097,468,576,1043,527,571,1097,1636,0,1635,36,793,828,33,901,933,140
336,5.6,546,561,1106,520,578,1097,466,578,1043,526,572,1097,1636,0,1635,36,793,828,33,901,933,140
337,5.6167,539,567,1105,520,578,1097,466,578,1043,528,570,1097,1636,0,1635,36,793,828,33,901,933,140
338,5.6333,536,570,1105,519,579,1097,465,579,1043,525,573,1097,1636,0,1635,36,793,828,33,901,933,140
339,5.65,534,573,1106,519,579,1097,465,579,1043,528,570,1097,1636,0,1635,36,793,828,33,901,933,140
340,5.6667,535,573,1107,519,579,1097,465,579,1043,529,570,1098,1636,0,1635,36,793,828,33,901,933,140
341,5.6833,535,573,1107,519,579,1097,465,579,1043,527,571,1097,1636,0,1635,36,793,828,33,901,933,140
342,5.7,532,573,1104,519,579,1097,465,579,1043,530,570,1099,1636,0,1635,36,793,828,33,901,933,140
343,5.7167,532,573,1104,519,579,1097,465,579,1043,530,570,1099,1636,0,1635,36,793,828,33,901,933,140
344,5.7333,532,573,1104,519,579,1097,465,579,1043,530,570,1099,1636,0,1635,36,793,828,33,901,933,140
345,5.75,532,573,1104,519,579,1097,465,579,1043,530,570,1099,1636,0,1635,36,793,828,33,901,933,140
346,5.7667,532,573,1104,519,579,1097,465,579,1043,530,570,1099,1636,0,1635,36,793,828,33,901,933,140
347,5.7833,534,573,1106,519,579,1097,465,579,1043,530,570,1099,1636,0,1635,36,793,828,33,901,933,140
348,5.8,531,573,1103,518,580,1097,465,579,1043,521,579,1099,1636,0,1635,35,793,827,33,901,933,141
349,5.8167,532,573,1104,518,580,1097,465,579,1043,527,573,1099,1636,0,1635,35,793,827,33,901,933,141
350,5.8333,531,573,1103,518,580,1097,465,579,1043,527,573,1099,1636,0,1635,35,793,827,33,901,933,141
351,5.85,531,573,1103,518,580,1097,465,579,1043,527,573,1099,1636,0,1635,36,793,828,33,901,933,141
352,5.8667,531,573,1103,519,579,1097,465,579,1043,526,573,1098,1636,0,1635,36,793,828,33,901,933,141
353,5.8833,531,573,1103,519,579,1097,465,579,1043,525,573,1097,1636,0,1635,36,793,828,33,901,933,141
354,5.9,531,573,1103,519,579,1097,465,579,1043,525,573,1097,1636,0,1635,36,793,828,33,901,933,141
355,5.9167,531,573,1103,519,579,1097,465,579,1043,528,570,1097,1636,0,1635,36,793,828,33,901,933,141
356,5.9333,533,573,1105,519,579,1097,465,579,1043,529,570,1098,1636,0,1635,36,793,828,33,901,933,141
357,5.95,535,573,1107,519,579,1097,465,579,1043,530,570,1099,1636,0,1635,36,793,828,33,901,933,140
358,5.9667,533,573,1105,519,579,1097,465,579,1043,529,570,1098,1636,0,1635,36,793,828,33,901,933,140
359,5.9833,535,573,1107,519,579,1097,465,579,1043,529,570,1098,1636,0,1635,36,793,828,33,901,933,140
360,6.0,532,573,1104,519,579,1097,465,579,1043,530,570,1099,1636,0,1635,34,794,827,33,901,933,140
361,6.0167,533,573,1105,519,579,1097,465,579,1043,530,570,1099,1636,0,1635,34,794,827,33,901,933,140
362,6.0333,533,573,1105,519,579,1097,465,579,1043,527,572,1098,1636,0,1635,34,794,827,33,901,933,140
363,6.05,532,573,1104,519,579,1097,465,579,1043,527,572,1098,1636,0,1635,35,794,828,33,901,933,140
364,6.0667,532,573,1104,519,579,1097,465,579,1043,530,570,1099,1636,0,1635,36,793,828,33,901,933,140
365,6.0833,532,573,1104,467,579,1045,465,579,1043,530,570,1099,1636,0,1635,34,794,827,33,901,933,140
366,6.1,533,573,1105,467,579,1045,465,579,1043,529,570,1098,1636,0,1635,34,794,827,33,901,933,140
367,6.1167,533,573,1105,519,579,1097,465,579,1043,527,572,1098,1636,0,1635,34,794,827,33,901,933,140
368,6.1333,533,573,1105,519,579,1097,465,579,1043,530,570,1099,1636,0,1635,36,793,828,33,901,933,140
369,6.15,533,573,1105,519,579,1097,465,579,1043,528,572,1099,1636,0,1635,36,793,828,33,901,933,140
370,6.1667,533,573,1105,519,579,1097,465,579,1043,529,571,1099,1636,0,1635,36,793,828,33,901,933,140
371,6.1833,533,573,1105,519,579,1097,465,579,1043,529,571,1099,1636,0,1635,36,793,828,33,901,933,140
372,6.2,609,496,1104,594,504,1097,538,506,1043,592,506,1097,1636,0,1635,169,733,901,2,817,818,140
373,6.2167,609,496,1104,594,504,1097,538,506,1043,592,506,1097,1636,0,1635,169,733,901,2,817,818,140
374,6.2333,608,498,1105,594,504,1097,538,506,1043,592,506,1097,1636,0,1635,169,733,901,2,817,818,140
375,6.25,609,496,1104,594,504,1097,538,506,1043,592,506,1097,1636,0,1635,169,733,901,2,817,818,140
376,6.2667,609,496,1104,594,504,1097,538,506,1043,591,506,1096,1636,0,1635,169,733,901,2,817,818,140
377,6.2833,609,496,1104,594,504,1097,538,506,1043,591,506,1096,1636,0,1635,169,733,901,2,817,818,140
378,6.3,611,494,1104,594,504,1097,540,504,1043,595,504,1098,1636,0,1635,169,733,901,2,817,818,140
379,6.3167,609,499,1107,594,504,1097,540,504,1043,594,504,1097,1636,0,1635,169,733,901,2,817,818,140
380,6.3333,609,499,1107,594,504,1097,540,504,1043,594,504,1097,1636,0,1635,169,733,901,2,817,818,140
381,6.35,609,500,1108,593,505,1097,540,504,1043,592,506,1097,1636,0,1635,169,733,901,2,817,818,140
382,6.3667,608,500,1107,593,505,1097,540,504,1043,594,506,1099,1636,0,1635,169,733,901,2,817,818,140
383,6.3833,604,500,1103,594,504,1097,540,504,1043,592,506,1097,1636,0,1635,169,733,901,2,817,818,140
384,6.4,610,498,1107,594,504,1097,540,504,1043,592,506,1097,1636,0,1635,169,733,901,2,817,818,140
385,6.4167,610,498,1107,593,505,1097,540,504,1043,593,506,1098,1636,0,1635,169,733,901,2,817,818,140
386,6.4333,610,498,1107,593,505,1097,540,504,1043,592,506,1097,1636,0,1635,169,733,901,2,817,818,140
387,6.45,611,498,1108,593,505,1097,540,504,1043,593,506,1098,1636,0,1635,169,733,901,2,817,818,140
388,6.4667,608,498,1105,594,504,1097,540,504,1043,593,506,1098,1636,0,1635,169,733,901,2,817,818,140
389,6.4833,608,498,1105,594,504,1097,540,504,1043,593,506,1098,1636,0,1635,169,733,901,2,817,818,140
390,6.5,604,500,1103,594,504,1097,540,504,1043,593,506,1098,1636,0,1635,169,733,901,2,817,818,140
391,6.5167,604,500,1103,594,504,1097,540,504,1043,593,506,1098,1636,0,1635,169,733,901,2,817,818,140
392,6.5333,604,500,1103,594,504,1097,540,504,1043,593,506,1098,1636,0,1635,169,733,901,2,817,818,140
393,6.55,604,500,1103,596,502,1097,540,504,1043,593,506,1098,1636,0,1635,169,733,901,2,817,818,140
394,6.5667,604,500,1103,594,504,1097,540,504,1043,593,506,1098,1636,0,1635,169,733,901,2,817,818,140
395,6.5833,606,500,1105,596,502,1097,540,504,1043,594,506,1099,1636,0,1635,169,733,901,2,817,818,140
396,6.6,606,500,1105,594,504,1097,540,504,1043,594,506,1099,1636,0,1635,169,733,901,2,817,818,140
397,6.6167,541,565,1105,529,569,1097,472,572,1043,528,572,1099,1636,0,1635,169,733,901,2,817,818,140
398,6.6333,541,565,1105,529,569,1097,472,572,1043,528,572,1099,1636,0,1635,169,733,901,2,817,818,140
399,6.65,547,565,1111,528,570,1097,472,572,1043,528,572,1099,1636,0,1635,169,733,901,2,817,818,140
400,6.6667,541,565,1105,528,570,1097,471,573,1043,527,573,1099,1636,0,1635,169,733,901,2,817,818,140
401,6.6833,545,565,1109,528,570,1097,472,572,1043,525,575,1099,1636,0,1635,169,733,901,2,817,818,140
402,6.7,543,565,1107,529,569,1097,472,572,1043,525,575,1099,1636,0,1635,169,733,901,2,817,818,140
403,6.7167,545,565,1109,520,578,1097,471,573,1043,524,575,1098,1636,0,1635,169,733,901,2,817,818,140
404,6.7333,544,564,1107,521,577,1097,472,572,1043,523,576,1098,1636,0,1635,169,733,901,2,817,818,140
405,6.75,546,562,1107,523,575,1097,474,570,1043,525,574,1098,1636,0,1635,169,733,901,2,817,818,140
406,6.7667,542,566,1107,527,571,1097,477,567,1043,528,571,1098,1636,0,1635,169,733,901,2,817,818,140
407,6.7833,549,559,1107,532,566,1097,481,563,1043,533,566,1098,1636,0,1635,169,733,901,2,817,818,140
408,6.8,551,557,1107,538,560,1097,487,557,1043,539,559,1097,1636,0,1635,169,733,901,2,817,818,140
409,6.8167,556,552,1107,594,504,1097,492,552,1043,546,552,1097,1636,0,1635,169,733,901,2,817,818,140
410,6.8333,558,552,1109,544,554,1097,490,554,1043,543,555,1097,1636,0,1635,169,733,901,2,817,818,140
411,6.85,554,554,1107,541,557,1097,485,559,1043,539,559,1097,1636,0,1635,169,733,901,2,817,818,140
412,6.8667,555,555,1109,539,559,1097,481,563,1043,536,562,1097,1636,0,1635,169,733,901,2,817,818,140
413,6.8833,551,555,1105,537,561,1097,480,564,1043,535,565,1099,1636,0,1635,169,733,901,2,817,818,140
414,6.9,548,557,1104,535,563,1097,478,566,1043,533,567,1099,1636,0,1635,168,734,901,2,817,818,141
415,6.9167,550,557,1106,533,565,1097,475,569,1043,531,569,1099,1636,0,1635,169,733,901,2,817,818,141
416,6.9333,548,557,1104,533,565,1097,475,569,1043,525,574,1098,1636,0,1635,169,733,901,2,817,818,141
417,6.95,549,557,1105,532,566,1097,474,570,1043,523,575,1097,1636,0,1635,169,733,901,2,817,818,141
418,6.9667,550,557,1106,532,566,1097,473,571,1043,524,575,1098,1636,0,1635,169,733,901,2,817,818,140
419,6.9833,550,557,1106,532,566,1097,473,571,1043,523,577,1099,1636,0,1635,169,733,901,2,817,818,140
420,7.0,547,557,1103,531,567,1097,473,571,1043,523,577,1099,1636,0,1635,168,734,901,2,817,818,141
421,7.0167,547,557,1103,532,566,1097,473,571,1043,522,577,1098,1636,0,1635,169,733,901,2,817,818,141
422,7.0333,547,557,1103,531,567,1097,473,571,1043,522,578,1099,1636,0,1635,168,734,901,2,817,818,141
423,7.05,547,557,1103,531,567,1097,473,571,1043,522,578,1099,1636,0,1635,169,733,901,2,817,818,141
424,7.0667,549,557,1105,531,567,1097,473,571,1043,521,578,1098,1636,0,1635,169,733,901,2,817,818,141
425,7.0833,549,557,1105,531,567,1097,472,572,1043,522,578,1099,1636,0,1635,169,733,901,2,817,818,141
426,7.1,547,557,1103,532,566,1097,472,572,1043,520,578,1097,1636,0,1635,169,733,901,2,817,818,141
427,7.1167,547,557,1103,532,566,1097,472,572,1043,520,578,1097,1636,0,1635,169,733,901,2,817,818,141
428,7.1333,547,557,1103,532,566,1097,472,572,1043,520,578,1097,1636,0,1635,169,733,901,2,817,818,141
429,7.15,547,557,1103,532,566,1097,472,572,1043,520,578,1097,1636,0,1635,169,733,901,2,817,818,140
430,7.1667,547,557,1103,532,566,1097,472,572,1043,520,578,1097,1636,0,1635,169,733,901,2,817,818,140
431,7.1833,549,557,1105,532,566,1097,472,572,1043,521,578,1098,1636,0,1635,169,733,901,2,817,818,140
432,7.2,549,557,1105,532,566,1097,472,572,1043,521,578,1098,1636,0,1635,169,733,901,2,817,818,140
433,7.2167,549,557,1105,532,566,1097,472,572,1043,521,578,1098,1636,0,1635,169,733,901,2,817,818,140
434,7.2333,549,557,1105,532,566,1097,472,572,1043,522,577,1098,1636,0,1635,169,733,901,2,817,818,140
435,7.25,549,557,1105,490,566,1055,472,572,1043,522,578,1099,1636,0,1635,169,733,901,2,817,818,140
436,7.2667,549,557,1105,490,566,1055,472,572,1043,522,578,1099,1636,0,1635,169,733,901,2,817,818,140
437,7.2833,549,557,1105,489,566,1054,472,572,1043,522,578,1099,1636,0,1635,169,733,901,2,817,818,140
438,7.3,553,557,1109,489,566,1054,472,572,1043,522,578,1099,1636,0,1635,169,733,901,2,817,818,140
439,7.3167,553,557,1109,531,567,1097,472,572,1043,522,578,1099,1636,0,1635,169,733,901,2,817,818,140
440,7.3333,553,557,1109,531,567,1097,472,572,1043,522,578,1099,1636,0,1635,169,733,901,2,817,818,140
441,7.35,551,557,1107,531,567,1097,472,572,1043,522,578,1099,1636,0,1635,169,733,901,2,817,818,140
442,7.3667,551,557,1107,531,567,1097,472,572,1043,523,577,1099,1636,0,1635,169,733,901,2,817,818,140
443,7.3833,551,557,1107,531,567,1097,472,572,1043,521,577,1097,1636,0,1635,169,733,901,2,817,818,140
444,7.4,547,557,1103,531,567,1097,472,572,1043,522,578,1099,1636,0,1635,168,734,901,2,817,818,141
445,7.4167,547,557,1103,531,567,1097,472,572,1043,521,578,1098,1636,0,1635,169,733,901,2,817,818,141
446,7.4333,549,557,1105,531,567,1097,472,572,1043,520,578,1097,1636,0,1635,169,733,901,2,817,818,141
447,7.45,548,558,1105,531,567,1097,472,572,1043,521,578,1098,1636,0,1635,169,733,901,2,817,818,141
448,7.4667,547,557,1103,531,567,1097,472,572,1043,520,578,1097,1636,0,1635,169,733,901,2,817,818,141
449,7.4833,546,558,1103,532,566,1097,472,572,1043,520,578,1097,1636,0,1635,169,733,901,2,817,818,141
450,7.5,547,557,1103,532,566,1097,472,572,1043,521,578,1098,1636,0,1635,169,733,901,2,817,818,140
451,7.5167,547,557,1103,532,566,1097,472,572,1043,522,578,1099,1636,0,1635,169,733,901,2,817,818,140
452,7.5333,609,496,1104,594,504,1097,538,506,1043,592,506,1097,1636,0,1635,224,678,901,86,1007,1092,140
453,7.55,605,500,1104,594,504,1097,538,506,1043,592,506,1097,1636,0,1635,224,678,901,86,1007,1092,140
454,7.5667,609,496,1104,594,504,1097,538,506,1043,594,506,1099,1636,0,1635,224,678,901,86,1007,1092,140
455,7.5833,609,496,1104,594,504,1097,538,506,1043,592,506,1097,1636,0,1635,224,678,901,86,1007,1092,140
456,7.6,608,498,1105,593,505,1097,538,506,1043,592,506,1097,1636,0,1635,224,678,901,86,1007,1092,140
457,7.6167,608,498,1105,593,505,1097,538,506,1043,592,506,1097,1636,0,1635,224,678,901,86,1007,1092,140
458,7.6333,608,498,1105,593,505,1097,540,504,1043,594,506,1099,1636,0,1635,224,678,901,86,1007,1092,140
459,7.65,611,494,1104,594,504,1097,540,504,1043,594,504,1097,1636,0,1635,224,678,901,86,1007,1092,140
460,7.6667,609,499,1107,593,505,1097,540,504,1043,594,504,1097,1636,0,1635,224,678,901,86,1007,1092,140
461,7.6833,611,499,1109,594,504,1097,540,504,1043,594,504,1097,1636,0,1635,224,678,901,86,1007,1092,140
462,7.7,606,500,1105,594,504,1097,540,504,1043,594,504,1097,1636,0,1635,224,678,901,86,1007,1092,140
463,7.7167,608,500,1107,594,504,1097,540,504,1043,594,504,1097,1636,0,1635,224,678,901,86,1007,1092,140
464,7.7333,610,498,1107,594,504,1097,540,504,1043,594,504,1097,1636,0,1635,224,678,901,86,1007,1092,140
465,7.75,610,498,1107,594,504,1097,540,504,1043,594,504,1097,1636,0,1635,223,679,901,86,1007,1092,140
466,7.7667,610,498,1107,594,504,1097,540,504,1043,594,504,1097,1636,0,1635,224,678,901,86,1007,1092,140
467,7.7833,608,500,1107,594,504,1097,540,504,1043,594,504,1097,1636,0,1635,224,678,901,86,1007,1092,140
468,7.8,611,494,1104,594,504,1097,540,504,1043,596,504,1099,1636,0,1635,224,678,901,87,1007,1093,140
469,7.8167,610,500,1109,594,504,1097,539,505,1043,594,505,1098,1636,0,1635,224,678,901,86,1007,1092,140
470,7.8333,610,500,1109,594,504,1097,539,505,1043,594,505,1098,1636,0,1635,224,678,901,86,1007,1092,140
471,7.85,610,500,1109,594,504,1097,539,505,1043,595,505,1099,1636,0,1635,224,678,901,86,1007,1092,140
472,7.8667,608,498,1105,594,504,1097,540,504,1043,594,504,1097,1636,0,1635,224,678,901,86,1007,1092,140
473,7.8833,608,498,1105,594,504,1097,540,504,1043,594,504,1097,1636,0,1635,224,678,901,86,1007,1092,140
474,7.9,608,498,1105,594,504,1097,540,504,1043,596,504,1099,1636,0,1635,224,678,901,86,1007,1092,140
475,7.9167,608,498,1105,600,498,1097,540,504,1043,596,504,1099,1636,0,1635,224,678,901,86,1007,1092,140
476,7.9333,618,488,1105,594,504,1097,540,504,1043,596,504,1099,1636,0,1635,224,678,901,86,1007,1092,140
477,7.95,526,580,1105,518,580,1097,464,580,1043,525,575,1099,1636,0,1635,224,678,901,86,1007,1092,140
478,7.9667,526,580,1105,518,580,1097,464,580,1043,524,575,1098,1636,0,1635,224,678,901,86,1007,1092,140
479,7.9833,526,580,1105,518,580,1097,464,580,1043,525,575,1099,1636,0,1635,224,678,901,86,1007,1092,140
480,8.0,536,580,1115,517,581,1097,463,581,1043,523,576,1098,1636,0,1635,224,678,901,86,1007,1092,141
481,8.0167,534,580,1113,517,581,1097,463,581,1043,521,577,1097,1636,0,1635,224,678,901,86,1007,1092,140
482,8.0333,534,581,1114,517,581,1097,463,581,1043,520,578,1097,1636,0,1635,224,678,901,86,1007,1092,140
483,8.05,536,580,1115,518,580,1097,464,580,1043,520,578,1097,1636,0,1635,224,678,901,86,1007,1092,140
484,8.0667,529,579,1107,519,579,1097,465,579,1043,520,578,1097,1636,0,1635,224,678,901,86,1007,1092,140
485,8.0833,532,576,1107,521,577,1097,467,577,1043,522,576,1097,1636,0,1635,224,678,901,86,1007,1092,140
486,8.1,536,572,1107,526,572,1097,472,572,1043,526,572,1097,1636,0,1635,223,679,901,86,1007,1092,140
487,8.1167,538,570,1107,528,570,1097,474,570,1043,529,570,1098,1636,0,1635,223,679,901,86,1007,1092,140
488,8.1333,549,561,1109,537,561,1097,483,561,1043,538,561,1098,1636,0,1635,224,678,901,86,1007,1092,140
489,8.15,558,552,1109,546,552,1097,492,552,1043,547,552,1098,1636,0,1635,224,678,901,86,1007,1092,140
490,8.1667,555,555,1109,542,556,1097,488,556,1043,544,555,1098,1636,0,1635,224,678,901,86,1007,1092,140
491,8.1833,548,558,1105,538,560,1097,484,560,1043,541,559,1099,1636,0,1635,224,678,901,86,1007,1092,140
492,8.2,545,561,1105,534,564,1097,480,564,1043,536,563,1098,1636,0,1635,224,678,901,86,1007,1092,140
493,8.2167,544,564,1107,530,568,1097,476,568,1043,532,566,1097,1636,0,1635,224,678,901,86,1007,1092,140
494,8.2333,542,566,1107,527,571,1097,473,571,1043,528,570,1097,1636,0,1635,223,679,901,86,1007,1092,140
495,8.25,539,569,1107,524,574,1097,470,574,1043,525,573,1097,1636,0,1635,223,679,901,86,1007,1092,140
496,8.2667,536,570,1105,522,576,1097,467,577,1043,523,575,1097,1636,0,1635,224,678,901,86,1007,1092,140
497,8.2833,534,572,1105,520,578,1097,466,578,1043,521,577,1097,1636,0,1635,224,678,901,86,1007,1092,140
498,8.3,533,573,1105,519,579,1097,465,579,1043,520,578,1097,1636,0,1635,224,678,901,86,1007,1092,140
499,8.3167,533,573,1105,519,579,1097,465,579,1043,522,578,1099,1636,0,1635,224,678,901,86,1007,1092,140
500,8.3333,532,574,1105,518,580,1097,464,580,1043,521,579,1099,1636,0,1635,224,678,901,86,1007,1092,140
501,8.35,532,574,1105,518,580,1097,464,580,1043,521,579,1099,1636,0,1635,224,678,901,86,1007,1092,140
502,8.3667,531,575,1105,518,580,1097,464,580,1043,519,579,1097,1636,0,1635,224,678,901,86,1007,1092,140
503,8.3833,531,574,1104,518,580,1097,464,580,1043,519,580,1098,1636,0,1635,224,678,901,86,1007,1092,141
504,8.4,536,574,1109,518,580,1097,464,580,1043,518,580,1097,1636,0,1635,224,678,901,86,1007,1092,140
505,8.4167,536,574,1109,518,580,1097,464,580,1043,518,580,1097,1636,0,1635,224,678,901,86,1007,1092,141
506,8.4333,534,574,1107,486,580,1065,464,580,1043,519,579,1097,1636,0,1635,224,678,901,86,1007,1092,141
507,8.45,534,574,1107,518,580,1097,464,580,1043,518,580,1097,1636,0,1635,224,678,901,86,1007,1092,140
508,8.4667,533,575,1107,518,580,1097,464,580,1043,518,580,1097,1636,0,1635,224,678,901,86,1007,1092,140
509,8.4833,533,575,1107,518,580,1097,464,580,1043,518,580,1097,1636,0,1635,223,679,901,86,1007,1092,140
510,8.5,533,575,1107,518,580,1097,464,580,1043,519,580,1098,1636,0,1635,223,679,901,86,1007,1092,140
511,8.5167,531,574,1104,518,580,1097,464,580,1043,519,580,1098,1636,0,1635,224,678,901,86,1007,1092,141
512,8.5333,532,574,1105,518,580,1097,464,580,1043,518,580,1097,1636,0,1635,224,678,901,86,1007,1092,140
513,8.55,532,574,1105,518,580,1097,464,580,1043,518,580,1097,1636,0,1635,224,678,901,86,1007,1092,141
514,8.5667,531,574,1104,518,580,1097,464,580,1043,518,580,1097,1636,0,1635,224,678,901,86,1007,1092,140
515,8.5833,534,574,1107,518,580,1097,464,580,1043,518,580,1097,1636,0,1635,224,678,901,86,1007,1092,140
516,8.6,534,574,1107,518,580,1097,464,580,1043,518,580,1097,1636,0,1635,224,678,901,86,1007,1092,140
517,8.6167,536,574,1109,518,580,1097,464,580,1043,518,580,1097,1636,0,1635,223,679,901,86,1007,1092,140
518,8.6333,533,575,1107,518,580,1097,464,580,1043,518,580,1097,1636,0,1635,223,679,901,86,1007,1092,140
519,8.65,533,575,1107,518,580,1097,464,580,1043,520,580,1099,1636,0,1635,224,678,901,86,1007,1092,140
520,8.6667,533,575,1107,518,580,1097,464,580,1043,520,580,1099,1636,0,1635,224,678,901,86,1007,1092,140
521,8.6833,531,575,1105,518,580,1097,464,580,1043,520,580,1099,1636,0,1635,224,678,901,86,1007,1092,140
522,8.7,531,574,1104,518,580,1097,464,580,1043,520,580,1099,1636,0,1635,224,678,901,86,1007,1092,140
523,8.7167,530,575,1104,518,580,1097,464,580,1043,520,580,1099,1636,0,1635,224,678,901,86,1007,1092,140
524,8.7333,530,575,1104,518,580,1097,464,580,1043,520,580,1099,1636,0,1635,224,678,901,86,1007,1092,140
525,8.75,530,575,1104,518,580,1097,464,580,1043,520,580,1099,1636,0,1635,224,678,901,86,1007,1092,140
526,8.7667,530,575,1104,518,580,1097,463,580,1042,520,580,1099,1636,0,1635,224,678,901,86,1007,1092,140
527,8.7833,531,575,1105,518,580,1097,464,580,1043,520,580,1099,1636,0,1635,224,678,901,86,1007,1092,140
528,8.8,531,574,1104,518,580,1097,464,580,1043,520,580,1099,1636,0,1635,224,678,901,86,1007,1092,141
529,8.8167,531,574,1104,518,580,1097,464,580,1043,519,580,1098,1636,0,1635,224,678,901,86,1007,1092,140
530,8.8333,531,574,1104,518,580,1097,464,580,1043,520,580,1099,1636,0,1635,224,678,901,86,1007,1092,140
531,8.85,531,574,1104,518,580,1097,464,580,1043,520,580,1099,1636,0,1635,224,678,901,86,1007,1092,140
532,8.8667,532,575,1106,518,580,1097,464,580,1043,520,580,1099,1636,0,1635,224,678,901,86,1007,1092,140
533,8.8833,533,574,1106,518,580,1097,464,580,1043,518,580,1097,1636,0,1635,224,678,901,86,1007,1092,140
534,8.9,536,574,1109,518,580,1097,464,580,1043,518,580,1097,1636,0,1635,224,678,901,86,1007,1092,140
535,8.9167,536,574,1109,518,580,1097,464,580,1043,518,580,1097,1636,0,1635,224,678,901,86,1007,1092,140
536,8.9333,533,575,1107,518,580,1097,464,580,1043,518,580,1097,1636,0,1635,224,678,901,86,1007,1092,140
537,8.95,607,498,1104,594,504,1097,538,506,1043,592,506,1097,1636,0,1635,92,729,820,6,814,819,140
538,8.9667,607,497,1103,594,504,1097,538,506,1043,592,506,1097,1636,0,1635,92,729,820,6,814,819,140
539,8.9833,607,498,1104,594,504,1097,538,506,1043,592,506,1097,1636,0,1635,92,729,820,6,814,819,140
540,9.0,605,500,1104,594,504,1097,540,504,1043,594,504,1097,1636,0,1635,91,730,820,6,814,819,141
541,9.0167,608,500,1107,550,505,1054,540,504,1043,594,504,1097,1636,0,1635,92,729,820,6,814,819,140
542,9.0333,608,500,1107,551,504,1054,540,504,1043,594,504,1097,1636,0,1635,92,729,820,6,814,819,140
543,9.05,608,500,1107,594,504,1097,540,504,1043,594,504,1097,1636,0,1635,92,729,820,6,814,819,140
544,9.0667,613,499,1111,594,504,1097,540,504,1043,594,504,1097,1636,0,1635,92,729,820,6,814,819,140
545,9.0833,612,500,1111,594,504,1097,540,504,1043,593,505,1097,1636,0,1635,92,729,820,6,814,819,141
546,9.1,608,500,1107,594,504,1097,540,504,1043,594,504,1097,1636,0,1635,92,729,820,6,814,819,141
547,9.1167,608,500,1107,594,504,1097,538,506,1043,594,504,1097,1636,0,1635,92,729,820,6,814,819,141
548,9.1333,608,500,1107,594,504,1097,540,504,1043,593,505,1097,1636,0,1635,92,729,820,6,814,819,140
549,9.15,609,499,1107,594,504,1097,540,504,1043,592,506,1097,1636,0,1635,92,729,820,6,814,819,140
550,9.1667,611,494,1104,594,504,1097,540,504,1043,596,504,1099,1636,0,1635,91,730,820,6,814,819,141
551,9.1833,608,500,1107,594,504,1097,540,504,1043,596,504,1099,1636,0,1635,92,729,820,6,814,819,141
552,9.2,608,500,1107,594,504,1097,540,504,1043,594,504,1097,1636,0,1635,92,729,820,6,814,819,141
553,9.2167,608,498,1105,594,504,1097,540,504,1043,592,506,1097,1636,0,1635,92,729,820,6,814,819,141
554,9.2333,612,498,1109,594,504,1097,540,504,1043,592,506,1097,1636,0,1635,92,729,820,6,814,819,141
555,9.25,612,498,1109,594,504,1097,540,504,1043,592,506,1097,1636,0,1635,92,729,820,6,814,819,141
556,9.2667,610,500,1109,593,505,1097,540,504,1043,592,506,1097,1636,0,1635,92,729,820,6,814,819,141
557,9.2833,610,500,1109,593,505,1097,538,506,1043,592,506,1097,1636,0,1635,92,729,820,6,814,819,140
558,9.3,606,500,1105,594,504,1097,538,506,1043,592,506,1097,1636,0,1635,92,729,820,6,814,819,141
559,9.3167,611,494,1104,594,504,1097,540,504,1043,596,504,1099,1636,0,1635,91,730,820,6,814,819,141
560,9.3333,608,500,1107,594,504,1097,540,504,1043,594,504,1097,1636,0,1635,92,729,820,6,814,819,141
561,9.35,608,500,1107,594,504,1097,540,504,1043,594,504,1097,1636,0,1635,92,729,820,6,814,819,141
562,9.3667,610,498,1107,594,504,1097,540,504,1043,594,504,1097,1636,0,1635,92,729,820,6,814,819,141
563,9.3833,528,580,1107,518,580,1097,464,580,1043,524,574,1097,1636,0,1635,92,729,820,6,814,819,141
564,9.4,526,580,1105,518,580,1097,464,580,1043,524,574,1097,1636,0,1635,92,729,820,6,814,819,141
565,9.4167,528,580,1107,518,580,1097,464,580,1043,522,576,1097,1636,0,1635,92,729,820,6,814,819,141
566,9.4333,528,580,1107,517,581,1097,463,581,1043,522,576,1097,1636,0,1635,92,729,820,6,814,819,140
567,9.45,530,580,1109,517,581,1097,462,582,1043,522,576,1097,1636,0,1635,92,729,820,6,814,819,141
568,9.4667,528,580,1107,516,582,1097,462,582,1043,521,577,1097,1636,0,1635,92,729,820,6,814,819,140
569,9.4833,526,580,1105,517,581,1097,463,581,1043,520,578,1097,1636,0,1635,92,729,820,6,814,819,140
570,9.5,526,580,1105,517,581,1097,464,581,1044,520,578,1097,1636,0,1635,92,729,820,6,814,819,140
571,9.5167,528,578,1105,520,578,1097,466,578,1043,522,576,1097,1636,0,1635,92,729,820,6,814,819,140
572,9.5333,535,571,1105,527,571,1097,474,571,1044,528,570,1097,1636,0,1635,92,729,820,6,814,819,140
573,9.55,538,568,1105,530,568,1097,476,568,1043,531,567,1097,1636,0,1635,92,729,820,6,814,819,140
574,9.5667,545,561,1105,537,561,1097,483,561,1043,537,561,1097,1636,0,1635,92,729,820,6,814,819,140
575,9.5833,553,554,1106,543,555,1097,491,554,1044,544,554,1097,1636,0,1635,92,729,820,6,814,819,140
576,9.6,551,553,1103,544,554,1097,491,554,1044,546,553,1098,1636,0,1635,91,730,820,6,814,819,141
577,9.6167,550,556,1105,540,558,1097,487,558,1044,543,556,1098,1636,0,1635,92,729,820,6,814,819,141
578,9.6333,543,562,1104,492,566,1057,478,566,1043,536,563,1098,1636,0,1635,92,729,820,6,814,819,141
579,9.65,543,562,1104,491,566,1056,478,566,1043,535,563,1097,1636,0,1635,92,729,820,6,814,819,141
580,9.6667,541,564,1104,486,569,1054,475,569,1043,533,567,1099,1636,0,1635,92,729,820,6,814,819,141
581,9.6833,535,569,1103,484,574,1057,469,575,1043,527,572,1098,1636,0,1635,92,729,820,6,814,819,141
582,9.7,534,570,1103,522,576,1097,468,576,1043,548,551,1098,1636,0,1635,92,729,820,6,814,819,141
583,9.7167,532,572,1103,479,578,1056,467,578,1044,547,551,1097,1636,0,1635,92,729,820,6,814,819,140
584,9.7333,531,573,1103,476,580,1055,465,580,1044,525,573,1097,1636,0,1635,92,729,820,6,814,819,140
585,9.75,533,573,1105,477,580,1056,465,580,1044,525,573,1097,1636,0,1635,92,729,820,6,814,819,140
586,9.7667,532,574,1105,518,580,1097,465,580,1044,547,551,1097,1636,0,1635,92,729,820,6,814,819,140
587,9.7833,531,575,1105,518,580,1097,464,580,1043,526,574,1099,1636,0,1635,92,729,820,6,814,819,140
588,9.8,532,574,1105,518,580,1097,464,580,1043,529,570,1098,1636,0,1635,92,729,820,6,814,819,140
589,9.8167,532,574,1105,518,580,1097,464,580,1043,525,574,1098,1636,0,1635,92,729,820,6,814,819,140
590,9.8333,530,575,1104,518,580,1097,465,580,1044,524,574,1097,1636,0,1635,92,729,820,6,814,819,140
591,9.85,531,574,1104,518,580,1097,465,580,1044,525,574,1098,1636,0,1635,92,729,820,6,814,819,140
592,9.8667,530,575,1104,518,580,1097,465,580,1044,526,574,1099,1636,0,1635,92,729,820,6,814,819,140
593,9.8833,530,575,1104,518,580,1097,464,580,1043,526,574,1099,1636,0,1635,92,729,820,6,814,819,140
594,9.9,530,575,1104,518,580,1097,464,580,1043,526,574,1099,1636,0,1635,92,729,820,6,814,819,140
595,9.9167,532,574,1105,518,580,1097,465,580,1044,526,574,1099,1636,0,1635,92,729,820,6,814,819,140
596,9.9333,531,575,1105,518,580,1097,464,580,1043,526,574,1099,1636,0,1635,92,729,820,6,814,819,140
597,9.95,532,574,1105,518,580,1097,464,580,1043,526,574,1099,1636,0,1635,92,729,820,6,814,819,140
598,9.9667,531,575,1105,518,580,1097,464,580,1043,526,574,1099,1636,0,1635,92,729,820,6,814,819,140
599,9.9833,531,575,1105,518,580,1097,464,580,1043,526,574,1099,1636,0,1635,92,729,820,6,814,819,140
600,10.0,531,574,1104,518,580,1097,464,580,1043,549,551,1099,1636,0,1635,91,730,820,6,814,819,140
601,10.0167,531,574,1104,518,580,1097,464,580,1043,549,551,1099,1636,0,1635,92,729,820,6,814,819,140
602,10.0333,531,574,1104,518,580,1097,464,580,1043,549,551,1099,1636,0,1635,92,729,820,6,814,819,140
603,10.05,532,574,1105,518,580,1097,465,580,1044,522,576,1097,1636,0,1635,92,729,820,6,814,819,140
604,10.0667,532,574,1105,518,580,1097,465,580,1044,530,570,1099,1636,0,1635,92,729,820,6,814,819,140
605,10.0833,530,575,1104,518,580,1097,465,580,1044,548,551,1098,1636,0,1635,92,729,820,6,814,819,140
606,10.1,531,574,1104,518,580,1097,465,580,1044,547,551,1097,1636,0,1635,92,729,820,6,814,819,140
607,10.1167,531,574,1104,518,580,1097,464,580,1043,547,551,1097,1636,0,1635,92,729,820,6,814,819,140
608,10.1333,531,574,1104,518,580,1097,464,580,1043,524,574,1097,1636,0,1635,92,729,820,6,814,819,140
609,10.15,531,574,1104,518,580,1097,464,580,1043,524,574,1097,1636,0,1635,92,729,820,6,814,819,140
610,10.1667,531,574,1104,518,580,1097,464,580,1043,524,574,1097,1636,0,1635,92,729,820,6,814,819,140
611,10.1833,531,574,1104,518,580,1097,464,580,1043,524,574,1097,1636,0,1635,92,729,820,6,814,819,140
612,10.2,531,574,1104,518,580,1097,464,580,1043,528,570,1097,1636,0,1635,92,729,820,6,814,819,140
613,10.2167,530,574,1103,518,580,1097,464,580,1043,524,574,1097,1636,0,1635,92,729,820,6,814,819,140
614,10.2333,530,574,1103,518,580,1097,464,580,1043,524,574,1097,1636,0,1635,92,729,820,6,814,819,140
615,10.25,530,574,1103,518,580,1097,464,580,1043,524,574,1097,1636,0,1635,92,729,820,6,814,819,140
616,10.2667,530,574,1103,518,580,1097,464,580,1043,524,574,1097,1636,0,1635,92,729,820,6,814,819,140
617,10.2833,530,574,1103,518,580,1097,464,580,1043,524,574,1097,1636,0,1635,92,729,820,6,814,819,140
618,10.3,530,574,1103,518,580,1097,464,580,1043,523,574,1096,1636,0,1635,92,729,820,6,814,819,140
619,10.3167,530,574,1103,518,580,1097,464,580,1043,524,574,1097,1636,0,1635,92,729,820,6,814,819,140
620,10.3333,531,574,1104,518,580,1097,465,580,1044,548,551,1098,1636,0,1635,91,730,820,6,814,819,140
621,10.35,533,574,1106,518,580,1097,465,580,1044,547,551,1097,1636,0,1635,92,729,820,6,814,819,140
622,10.3667,533,574,1106,518,580,1097,465,580,1044,547,551,1097,1636,0,1635,92,729,820,6,814,819,140
623,10.3833,532,575,1106,518,580,1097,464,580,1043,547,551,1097,1636,0,1635,92,729,820,6,814,819,140
624,10.4,532,575,1106,518,580,1097,464,580,1043,547,551,1097,1636,0,1635,92,729,820,6,814,819,140
625,10.4167,530,575,1104,518,580,1097,464,580,1043,547,551,1097,1636,0,1635,92,729,820,6,814,819,140
626,10.4333,530,574,1103,518,580,1097,464,580,1043,547,551,1097,1636,0,1635,92,729,820,6,814,819,140
627,10.45,530,574,1103,518,580,1097,464,580,1043,528,570,1097,1636,0,1635,92,729,820,6,814,819,140
628,10.4667,530,574,1103,518,580,1097,464,580,1043,524,574,1097,1636,0,1635,92,729,820,6,814,819,140
629,10.4833,531,574,1104,518,580,1097,464,580,1043,524,574,1097,1636,0,1635,92,729,820,6,814,819,140
630,10.5,531,574,1104,518,580,1097,464,580,1043,524,574,1097,1636,0,1635,92,729,820,6,814,819,140
631,10.5167,531,574,1104,518,580,1097,464,580,1043,523,574,1096,1636,0,1635,92,729,820,6,814,819,140
632,10.5333,531,574,1104,518,580,1097,464,580,1043,523,574,1096,1636,0,1635,92,729,820,6,814,819,140
633,10.55,531,574,1104,518,580,1097,464,580,1043,523,574,1096,1636,0,1635,92,729,820,6,814,819,140
634,10.5667,531,574,1104,518,580,1097,464,580,1043,524,574,1097,1636,0,1635,92,729,820,6,814,819,140
635,10.5833,531,574,1104,518,580,1097,464,580,1043,524,574,1097,1636,0,1635,92,729,820,6,814,819,140
636,10.6,532,574,1105,518,580,1097,464,580,1043,524,574,1097,1636,0,1635,92,729,820,6,814,819,140
637,10.6167,530,575,1104,518,580,1097,465,580,1044,547,551,1097,1636,0,1635,92,729,820,6,814,819,140
638,10.6333,531,574,1104,518,580,1097,465,580,1044,547,551,1097,1636,0,1635,92,729,820,6,814,819,140
639,10.65,530,575,1104,518,580,1097,465,580,1044,547,551,1097,1636,0,1635,92,729,820,6,814,819,140
640,10.6667,530,575,1104,518,580,1097,465,580,1044,547,551,1097,1636,0,1635,92,729,820,6,814,819,140
641,10.6833,530,575,1104,518,580,1097,465,580,1044,522,576,1097,1636,0,1635,92,729,820,6,814,819,140
642,10.7,530,575,1104,518,580,1097,465,580,1044,547,551,1097,1636,0,1635,92,729,820,6,814,819,140
643,10.7167,530,575,1104,518,580,1097,465,580,1044,524,574,1097,1636,0,1635,92,729,820,6,814,819,140
644,10.7333,529,575,1103,518,580,1097,465,580,1044,522,576,1097,1636,0,1635,92,729,820,6,814,819,140
645,10.75,530,575,1104,518,580,1097,465,580,1044,522,576,1097,1636,0,1635,92,729,820,6,814,819,140
646,10.7667,529,575,1103,518,580,1097,465,580,1044,524,574,1097,1636,0,1635,92,729,820,6,814,819,140
647,10.7833,530,575,1104,518,580,1097,464,580,1043,524,574,1097,1636,0,1635,92,729,820,6,814,819,140
648,10.8,530,575,1104,518,580,1097,464,580,1043,524,574,1097,1636,0,1635,92,729,820,6,814,819,140
649,10.8167,530,575,1104,518,580,1097,465,580,1044,524,574,1097,1636,0,1635,92,729,820,6,814,819,140
650,10.8333,530,575,1104,518,580,1097,465,580,1044,524,574,1097,1636,0,1635,92,729,820,6,814,819,140
651,10.85,530,575,1104,518,580,1097,465,580,1044,524,574,1097,1636,0,1635,92,729,820,6,814,819,141
652,10.8667,530,575,1104,518,580,1097,465,580,1044,524,574,1097,1636,0,1635,92,729,820,6,814,819,141
653,10.8833,531,575,1105,518,580,1097,464,580,1043,524,574,1097,1636,0,1635,92,729,820,6,814,819,140
654,10.9,531,575,1105,518,580,1097,464,580,1043,524,574,1097,1636,0,1635,92,729,820,6,814,819,140
655,10.9167,533,575,1107,518,580,1097,464,580,1043,524,574,1097,1636,0,1635,92,729,820,6,814,819,140
656,10.9333,533,575,1107,518,580,1097,464,580,1043,524,574,1097,1636,0,1635,92,729,820,6,814,819,140
657,10.95,532,574,1105,518,580,1097,464,580,1043,524,574,1097,1636,0,1635,92,729,820,6,814,819,140
658,10.9667,532,574,1105,518,580,1097,464,580,1043,524,574,1097,1636,0,1635,92,729,820,6,814,819,140
659,10.9833,531,575,1105,518,580,1097,464,580,1043,524,574,1097,1636,0,1635,92,729,820,6,814,819,140
660,11.0,531,574,1104,518,580,1097,465,580,1044,547,551,1097,1636,0,1635,91,730,820,6,814,819,140
661,11.0167,532,574,1105,518,580,1097,465,580,1044,547,551,1097,1636,0,1635,92,729,820,6,814,819,140
