frame,capsule_x,capsule_y,capsule_w,capsule_h,capsule_area,title_bright,under_dark,art_color
0,1458,0,355,60,20836,1174,1472,3510
1,1458,0,355,59,20532,1171,1155,3510
2,1458,0,356,60,20855,1174,2854,3508
3,1457,0,357,60,20857,1176,2856,3511
4,1457,0,357,60,20855,1176,4855,3508
5,1457,0,357,60,20858,1174,4840,3508
6,1457,0,357,60,20851,1162,14368,3515
7,1457,0,357,60,20852,1159,14666,3510
8,1457,0,357,60,20850,1161,14675,3518
9,1457,0,358,60,20861,1158,14713,3516
10,1457,0,358,60,20855,1158,14860,3518
11,1457,0,358,60,20862,1160,14879,3518
12,1457,0,358,60,20866,1158,14864,3514
13,1456,0,359,60,20869,1161,15045,3513
14,1456,0,359,60,20871,1161,15028,3508
15,1456,0,359,60,20871,1161,15830,3513
16,1456,0,359,60,20874,1161,15832,3512
17,1456,0,359,60,20872,1157,15839,3512
18,1457,0,358,60,20870,1156,15838,3512
19,1457,0,358,60,20872,1157,15843,3512
20,1457,0,358,60,20872,1152,15836,3510
21,1456,0,359,60,20870,1158,15656,3508
22,1456,0,359,60,20872,1150,15855,3508
23,1456,0,359,60,20871,1150,15823,3508
24,1456,0,359,60,20871,1159,15845,3510
25,1456,0,359,60,20871,1155,15861,3510
26,1456,0,359,60,20868,1159,15855,3509
27,1456,0,359,60,20868,1159,15855,3509
28,1456,0,359,60,20868,1159,15855,3509
29,1456,0,359,60,20868,1159,15852,3509
30,1456,0,359,60,20868,1159,15852,3509
31,1456,0,359,60,20868,1159,15854,3509
32,1456,0,359,60,20868,1159,15854,3509
33,1456,0,359,60,20868,1159,15854,3509
34,1456,0,359,60,20868,1159,15854,3509
35,1456,0,359,60,20868,1159,15854,3509
36,1456,0,359,60,20868,1159,15854,3509
37,1456,0,359,60,20868,1159,15854,3509
38,1456,0,359,60,20868,1159,15854,3509
39,1456,0,359,60,20868,1159,15854,3509
40,1456,0,359,60,20868,1159,15854,3509
41,1456,0,359,60,20868,1159,15854,3509
42,1456,0,359,60,20868,1159,15854,3509
43,1456,0,359,60,20868,1159,15854,3509
44,1456,0,359,60,20868,1159,15854,3509
45,1456,0,359,60,20868,1159,15854,3509
46,1456,0,359,60,20868,1159,15854,3509
47,1456,0,359,60,20868,1159,15854,3509
48,1456,0,359,60,20868,1159,15854,3509
49,1456,0,359,60,20868,1159,15854,3509
50,1456,0,359,60,20868,1159,15854,3509
51,1456,0,359,60,20868,1159,15854,3509
52,1456,0,359,60,20871,1164,15858,3510
53,1456,0,359,60,20871,1158,15855,3510
54,1456,0,359,60,20869,1158,15846,3510
55,1456,0,359,60,20869,1158,15850,3510
56,1456,0,359,60,20869,1157,15853,3510
57,1456,0,359,60,20869,1157,15849,3510
58,1456,0,359,60,20869,1157,15853,3510
59,1456,0,359,60,20869,1156,15853,3510
60,1457,0,358,60,20847,1140,14738,3515
61,1457,0,358,60,20854,1143,16294,3509
62,1457,0,358,60,20855,1145,15527,3509
63,1457,0,358,60,20859,1144,15363,3510
64,1457,0,358,60,20858,1144,15239,3508
65,1456,0,359,60,20860,1146,15255,3509
66,1457,0,358,60,20862,1146,15806,3509
67,1456,0,359,60,20868,1143,15831,3509
68,1456,0,359,60,20867,0,8739,3509
69,1456,0,359,60,20867,0,8739,3509
70,1456,0,359,60,20867,0,8739,3509
71,1456,0,359,60,20867,0,8739,3509
72,1456,0,359,60,20867,0,8740,3509
73,1456,0,359,60,20867,0,8740,3509
74,1456,0,359,60,20867,0,8740,3509
75,1456,0,359,60,20869,0,8740,3507
76,1456,0,359,60,20870,0,8740,3507
77,1456,0,359,60,20869,0,8740,3507
78,1456,0,359,60,20870,0,8708,3507
79,1456,0,359,60,20871,0,8740,3507
80,1456,0,359,60,20871,0,8740,3507
81,1456,0,359,60,20871,0,8200,3507
82,1456,0,359,60,20872,0,8740,3507
83,1456,0,359,60,20871,0,9280,3507
84,1456,0,359,60,20872,0,8740,3507
85,1456,0,359,60,20872,0,8740,3507
86,1456,0,359,60,20876,0,7661,3506
87,1456,0,359,60,20876,0,7661,3506
88,1456,0,359,60,20876,0,7661,3506
89,1456,0,359,60,20876,0,7661,3506
90,1456,0,359,60,20876,0,7661,3506
91,1456,0,359,60,20876,0,7661,3506
92,1456,0,359,60,20876,0,7661,3506
93,1456,0,359,60,20874,0,7660,3506
94,1456,0,359,60,20876,0,7661,3507
95,1456,0,359,60,20875,0,7660,3507
96,1456,0,359,60,20874,0,7659,3507
97,1456,0,359,60,20875,0,7659,3507
98,1456,0,359,60,20875,0,7659,3507
99,1456,0,359,60,20875,0,7659,3507
100,1456,0,359,60,20875,0,7659,3507
101,1456,0,359,60,20875,0,7659,3507
102,1456,0,359,60,20875,0,7659,3507
103,1456,0,359,60,20875,0,7659,3507
104,1456,0,359,60,20875,0,7659,3507
105,1456,0,359,60,20875,0,7659,3507
106,1456,0,359,60,20875,0,7659,3507
107,1456,0,359,60,20875,0,7659,3507
108,1456,0,359,60,20875,0,7659,3507
109,1456,0,359,60,20875,0,7659,3507
110,1456,0,359,60,20875,0,7659,3507
111,1456,0,359,60,20875,0,7659,3507
112,1456,0,359,60,20874,0,7659,3507
113,1456,0,359,60,20874,0,7659,3507
114,1456,0,359,60,20874,0,7659,3507
115,1456,0,359,60,20874,0,7659,3507
116,1456,0,359,60,20874,0,7659,3507
117,1456,0,359,60,20874,0,7659,3507
118,1457,0,357,60,20863,0,8744,3511
119,1457,0,357,60,20858,0,9040,3521
120,1457,0,357,60,20862,0,8744,3511
121,1457,0,357,60,20857,0,8742,3521
122,1456,0,359,60,20867,0,8741,3507
123,1456,0,359,60,20867,0,8740,3507
124,1456,0,359,60,20869,0,8737,3507
125,1456,0,359,60,20869,0,8739,3507
126,1456,0,359,60,20869,0,9279,3506
127,1456,0,359,60,20871,0,7659,3508
128,1456,0,359,60,20874,0,9281,3508
129,1456,0,359,60,20873,0,7661,3507
130,1456,0,359,60,20876,0,7659,3506
131,1456,0,359,60,20874,0,7659,3507
132,1456,0,359,60,20874,0,7659,3506
133,1456,0,359,60,20875,0,7659,3506
134,1456,0,359,60,20874,0,7659,3507
135,1456,0,359,60,20873,0,7659,3507
136,1456,0,359,60,20873,0,7659,3507
137,1456,0,359,60,20873,0,7659,3507
138,1456,0,359,60,20875,0,7659,3507
139,1456,0,359,60,20873,0,7659,3507
140,1456,0,359,60,20874,0,7659,3507
141,1456,0,359,60,20874,0,7660,3506
142,1456,0,359,60,20872,0,7660,3506
143,1456,0,359,60,20873,0,7660,3506
144,1456,0,359,60,20873,0,7660,3507
145,1456,0,359,60,20873,0,7660,3507
146,1456,0,359,60,20877,0,7660,3507
147,1456,0,359,60,20877,0,7660,3507
148,1456,0,359,60,20874,0,7660,3507
149,1456,0,359,60,20874,0,7660,3507
150,1456,0,359,60,20874,0,7660,3507
151,1456,0,359,60,20874,0,7660,3507
152,1456,0,359,60,20874,0,7660,3507
153,1456,0,359,60,20874,0,7660,3507
154,1456,0,359,60,20874,0,7660,3507
155,1456,0,359,60,20874,0,7660,3507
156,1456,0,359,60,20874,0,7660,3507
157,1456,0,359,60,20874,0,7660,3507
158,1456,0,359,60,20874,0,7660,3507
159,1456,0,359,60,20874,0,7660,3507
160,1456,0,359,60,20874,0,7660,3507
161,1456,0,359,60,20874,0,7660,3507
162,1456,0,359,60,20874,0,7660,3507
163,1456,0,359,60,20874,0,7660,3507
164,1456,0,359,60,20874,0,7660,3507
165,1456,0,359,60,20874,0,7659,3507
166,1456,0,359,60,20876,0,7659,3507
167,1456,0,359,60,20873,0,7659,3507
168,1456,0,359,60,20876,0,7659,3507
169,1456,0,359,60,20875,0,7659,3507
170,1456,0,359,60,20874,0,7659,3507
171,1456,0,359,60,20875,0,7659,3507
172,1456,0,359,60,20873,0,7659,3507
173,1456,0,359,60,20873,0,7660,3507
174,1457,0,357,60,20851,0,9281,3511
175,1457,0,357,60,20852,0,8740,3511
176,1457,0,358,60,20857,0,8739,3511
177,1457,0,357,60,20854,0,8740,3511
178,1457,0,358,60,20857,0,8199,3511
179,1457,0,357,60,20859,0,8199,3511
180,1457,0,357,60,20854,0,8740,3511
181,1457,0,358,60,20857,0,8199,3511
182,1457,0,357,60,20859,0,8199,3511
183,1456,0,359,60,20865,0,8199,3510
184,1456,0,359,60,20865,0,8741,3509
185,1456,0,359,60,20866,0,8740,3509
186,1456,0,359,60,20868,0,9279,3509
187,1456,0,359,60,20871,0,8199,3507
188,1456,0,359,60,20875,0,8740,3508
189,1456,0,359,60,20874,0,8739,3508
190,1456,0,359,60,20872,0,8738,3507
191,1456,0,359,60,20872,0,8738,3507
192,1456,0,359,60,20873,0,8740,3507
193,1456,0,359,60,20872,0,8740,3508
194,1456,0,359,60,20872,0,8740,3508
195,1456,0,359,60,20872,0,8739,3508
196,1456,0,359,60,20873,0,8200,3508
197,1456,0,359,60,20874,0,8199,3508
198,1456,0,359,60,20872,0,8201,3508
199,1456,0,359,60,20873,0,8201,3508
200,1456,0,359,60,20873,0,8201,3508
201,1456,0,359,60,20873,0,8201,3508
202,1456,0,359,60,20874,0,8201,3508
203,1456,0,359,60,20875,0,8201,3508
204,1456,0,359,60,20874,0,8200,3507
205,1456,0,359,60,20874,0,8200,3507
206,1456,0,359,60,20874,0,8200,3507
207,1456,0,359,60,20874,0,8200,3507
208,1456,0,359,60,20874,0,8200,3507
209,1456,0,359,60,20874,0,8200,3507
210,1456,0,359,60,20874,0,8200,3507
211,1456,0,359,60,20874,0,8200,3507
212,1456,0,359,60,20874,0,8200,3507
213,1456,0,359,60,20874,0,8200,3507
214,1457,0,357,60,20854,0,8740,3511
215,1457,0,358,60,20857,0,8199,3511
216,1457,0,357,60,20858,0,8199,3511
217,1457,0,357,60,20854,0,8740,3511
218,1457,0,358,60,20857,0,8199,3511
219,1457,0,357,60,20858,0,8199,3511
220,1456,0,359,60,20864,0,8199,3510
221,1456,0,359,60,20865,0,8741,3509
222,1456,0,359,60,20863,0,8742,3509
223,1456,0,359,60,20864,0,9281,3509
224,1457,0,357,60,20854,0,8741,3511
225,1457,0,358,60,20857,0,8200,3511
226,1457,0,357,60,20860,0,8200,3511
227,1456,0,359,60,20863,0,8199,3510
228,1456,0,359,60,20864,0,7660,3509
229,1456,0,359,60,20865,0,7660,3509
230,1456,0,359,60,20866,0,8740,3509
231,1456,0,359,60,20870,0,8200,3508
232,1456,0,359,60,20868,0,8200,3508
233,1456,0,359,60,20870,0,8200,3508
234,1456,0,359,60,20870,0,8201,3507
235,1456,0,359,60,20869,0,8199,3507
236,1456,0,359,60,20873,0,8740,3507
237,1456,0,359,60,20874,0,8740,3508
238,1456,0,359,60,20874,0,8740,3508
239,1456,0,359,60,20873,0,8740,3508
240,1457,0,357,60,20857,0,8739,3511
241,1457,0,358,60,20854,0,8200,3511
242,1457,0,357,60,20856,0,8200,3511
243,1456,0,358,60,20859,0,8200,3511
244,1456,0,359,60,20860,0,8740,3511
245,1456,0,359,60,20864,0,8740,3510
246,1456,0,359,60,20869,0,8741,3510
247,1456,0,359,60,20868,0,9281,3510
248,1456,0,359,60,20870,0,8202,3509
249,1456,0,359,60,20872,0,8202,3508
250,1456,0,359,60,20872,0,8202,3509
251,1456,0,359,60,20870,0,8202,3508
252,1456,0,359,60,20875,0,8201,3508
253,1456,0,359,60,20875,0,8202,3507
254,1456,0,359,60,20876,0,8202,3507
255,1456,0,359,60,20874,0,8201,3507
256,1456,0,359,60,20874,0,8201,3507
257,1456,0,359,60,20874,0,8201,3507
258,1456,0,359,60,20876,0,8201,3507
259,1456,0,359,60,20874,0,7662,3507
260,1457,0,357,60,20859,0,9279,3511
261,1457,0,357,60,20855,0,8740,3511
262,1457,0,357,60,20860,0,9279,3511
263,1457,0,357,60,20856,0,8740,3511
264,1457,0,358,60,20856,0,8739,3511
265,1456,0,358,60,20859,0,9278,3511
266,1456,0,358,60,20860,0,9278,3512
267,1456,0,359,60,20868,0,8741,3510
268,1456,0,359,60,20869,0,8741,3510
269,1456,0,359,60,20873,0,8201,3510
270,1457,0,357,60,20861,0,9279,3511
271,1457,0,358,60,20858,0,8740,3511
272,1457,0,358,60,20863,0,8740,3508
273,1456,0,359,60,20864,0,9279,3511
274,1456,0,359,60,20864,0,9279,3509
275,1456,0,359,60,20863,0,8738,3509
276,1456,0,359,60,20866,0,8739,3509
277,1456,0,359,60,20868,0,9279,3507
278,1456,0,359,60,20870,0,9282,3509
279,1456,0,359,60,20872,0,8741,3508
280,1456,0,359,60,20874,0,9282,3508
281,1456,0,359,60,20872,0,8203,3507
282,1456,0,359,60,20874,0,8201,3507
283,1456,0,359,60,20874,0,8200,3507
284,1456,0,359,60,20874,0,8201,3507
285,1456,0,359,60,20874,0,8201,3507
286,1456,0,359,60,20874,0,8202,3507
287,1456,0,359,60,20875,0,8202,3507
288,1456,0,359,60,20874,0,8202,3507
289,1457,0,357,60,20859,0,7661,3511
290,1457,0,358,60,20858,0,7659,3523
291,1457,0,358,60,20857,0,7660,3510
292,1456,0,359,60,20859,0,8200,3510
293,1456,0,359,60,20867,0,9282,3510
294,1456,0,359,60,20869,0,8740,3509
295,1456,0,359,60,20867,0,8201,3511
296,1456,0,359,60,20868,0,8201,3510
297,1456,0,359,60,20872,0,8185,3508
298,1456,0,359,60,20869,0,8404,3508
299,1456,0,359,60,20870,0,8406,3509
300,1457,0,357,60,20858,0,10361,3511
301,1457,0,357,60,20856,0,8741,3524
302,1457,0,358,60,20857,0,8742,3511
303,1456,0,359,60,20861,0,9281,3511
304,1456,0,359,60,20866,0,9283,3511
305,1457,0,357,60,20858,0,10361,3511
306,1457,0,357,60,20856,0,8741,3524
307,1457,0,357,60,20858,0,10361,3511
308,1457,0,357,60,20856,0,8741,3524
309,1457,0,358,60,20857,0,8742,3511
310,1456,0,359,60,20860,0,9281,3511
311,1456,0,359,60,20865,0,9283,3511
312,1456,0,359,60,20867,0,8743,3510
313,1456,0,359,60,20871,0,8744,3511
314,1456,0,359,60,20872,0,8202,3511
315,1457,0,357,60,20859,0,7661,3511
316,1457,0,358,60,20857,0,7659,3524
317,1457,0,358,60,20857,0,7659,3510
318,1456,0,359,60,20861,0,8199,3510
319,1456,0,359,60,20867,0,9278,3509
320,1456,0,359,60,20867,0,8740,3508
321,1456,0,359,60,20867,0,8741,3508
322,1456,0,359,60,20868,0,8741,3508
323,1456,0,359,60,20872,0,8202,3508
324,1456,0,359,60,20872,0,8741,3508
325,1456,0,359,60,20873,0,8741,3507
326,1456,0,359,60,20874,0,8741,3508
327,1456,0,359,60,20873,0,8741,3507
328,1456,0,359,60,20873,0,8742,3507
329,1456,0,359,60,20873,0,8742,3507
330,1456,0,359,60,20874,0,8742,3507
331,1456,0,359,60,20874,0,7662,3507
332,1456,0,359,60,20874,0,7662,3507
333,1456,0,359,60,20876,0,7661,3507
334,1456,0,359,60,20876,0,7662,3507
335,1457,0,357,60,20859,0,10360,3535
336,1457,0,357,60,20861,0,8739,3507
337,1457,0,358,60,20865,0,8738,3507
338,1457,0,358,60,20864,0,8739,3507
339,1456,0,359,60,20868,0,8740,3506
340,1456,0,359,60,20868,0,8740,3508
341,1456,0,359,60,20873,0,7661,3509
342,1456,0,359,60,20868,0,7661,3510
343,1456,0,359,60,20871,0,7662,3507
344,1457,0,358,60,20869,0,7661,3508
345,1456,0,359,60,20871,0,7660,3507
346,1456,0,359,60,20873,0,7658,3510
347,1456,0,359,60,20872,0,7660,3506
348,1456,0,359,60,20872,0,7660,3506
349,1457,0,357,60,20863,0,10433,3531
350,1457,0,357,60,20860,0,9282,3510
351,1457,0,358,60,20857,0,9279,3510
352,1457,0,358,60,20856,0,9280,3510
353,1457,0,358,60,20860,0,9281,3510
354,1457,0,358,60,20865,0,8740,3510
355,1456,0,359,60,20870,0,9282,3509
356,1456,0,359,60,20870,0,8202,3509
357,1456,0,359,60,20872,0,8742,3509
358,1456,0,359,60,20871,0,8740,3510
359,1456,0,359,60,20870,0,8200,3509
360,1457,0,357,60,20863,0,10433,3531
361,1457,0,357,60,20860,0,9282,3510
362,1457,0,358,60,20857,0,9279,3510
363,1457,0,358,60,20856,0,9280,3510
364,1457,0,358,60,20861,0,9281,3510
365,1457,0,357,60,20863,0,8745,3511
366,1457,0,358,60,20857,0,8203,3524
367,1457,0,358,60,20858,0,8199,3512
368,1456,0,359,60,20860,0,9278,3512
369,1456,0,359,60,20863,0,9279,3511
370,1456,0,359,60,20865,0,8740,3509
371,1456,0,359,60,20868,0,8740,3509
372,1456,0,359,60,20868,0,8739,3509
373,1456,0,359,60,20869,0,8200,3508
374,1456,0,359,60,20923,0,8740,3503
375,1453,0,365,60,21220,0,8750,3386
376,1450,0,372,60,21645,0,8762,3234
377,1443,0,385,60,22371,0,8786,2987
378,1434,0,404,60,23445,0,8824,2621
379,1427,0,418,60,24222,0,8846,2368
380,1423,0,425,60,24567,0,8860,2245
381,1418,0,436,60,25268,0,8336,2007
382,1413,0,443,60,25409,0,8349,1868
383,1409,0,453,60,25610,0,8369,1672
384,1407,0,457,60,25712,0,8378,1600
385,1403,0,465,60,25954,0,8393,1437
386,1400,0,471,60,26108,0,8466,1349
387,1398,0,475,60,26234,0,8407,1270
388,1394,0,484,60,26466,0,8425,1103
389,1394,0,484,60,26486,0,8423,1102
390,1390,0,491,60,26706,0,8439,982
391,1389,0,493,60,26871,0,8444,911
392,1388,0,495,60,26928,0,8445,898
393,1387,0,497,60,27062,0,8451,854
394,1386,0,499,60,27140,0,8452,821
395,1386,0,499,60,27249,0,8446,807
396,1386,0,499,60,27301,0,8446,781
397,1385,0,501,60,27361,0,8447,751
398,1385,0,502,60,27422,0,8448,738
399,1384,0,503,60,27533,0,8451,721
400,1384,0,503,60,27565,0,8898,696
401,1383,0,505,60,27597,0,8451,701
402,1383,0,505,60,27604,0,8460,705
403,1382,0,506,60,27617,0,8461,685
404,1382,0,507,60,27649,0,8462,686
405,1382,0,507,60,27673,0,8462,686
406,1382,0,507,60,27680,0,8461,704
407,1382,0,507,60,27692,0,8462,703
408,1382,0,506,60,27728,0,9546,667
409,1382,0,506,60,27721,0,9546,666
410,1382,0,507,60,27705,0,9007,676
411,1382,0,507,60,27710,0,8467,687
412,1382,0,507,60,27705,0,9007,681
413,1382,0,507,60,27701,0,9007,672
414,1382,0,507,60,27693,0,9007,677
415,1382,0,507,60,27695,0,9006,706
416,1381,0,509,60,27697,0,9004,709
417,1381,0,509,60,27710,0,8767,716
418,1381,0,508,60,27711,0,9012,726
419,1381,0,509,60,27709,0,9012,739
420,1382,0,505,60,27693,0,10625,706
421,1382,0,506,60,27676,0,10624,707
422,1382,0,506,60,27671,0,9545,711
423,1382,0,505,60,27674,0,10625,738
424,1382,0,506,60,27654,0,10624,735
425,1382,0,506,60,27649,0,9545,735
426,1382,0,506,60,27643,0,9005,737
427,1382,0,507,60,27638,0,9007,738
428,1382,0,507,60,27625,0,9007,733
429,1382,0,507,60,27615,0,9006,740
430,1382,0,507,60,27609,0,9007,758
431,1382,0,507,60,27608,0,9004,759
432,1382,0,507,60,27616,0,8773,763
433,1381,0,508,60,27621,0,9012,760
434,1381,0,508,60,27624,0,9011,770
435,1381,0,508,60,27623,0,9012,773
436,1381,0,508,60,27629,0,9012,777
437,1382,0,506,60,27639,0,8474,646
438,1383,0,505,60,27640,0,8474,645
439,1383,0,505,60,27642,0,8472,648
440,1382,0,506,60,27661,0,8472,649
441,1382,0,507,60,27662,0,8472,656
442,1381,0,508,60,27672,0,8918,656
443,1381,0,508,60,27688,0,8471,662
444,1381,0,508,60,27693,0,8472,685
445,1381,0,508,60,27702,0,8471,706
446,1381,0,508,60,27709,0,8471,723
447,1381,0,508,60,27713,0,8470,731
448,1382,0,508,60,27712,0,8471,740
449,1381,0,509,60,27700,0,8470,749
450,1382,0,506,60,27699,0,9012,646
451,1383,0,505,60,27691,0,8470,645
452,1383,0,505,60,27670,0,8470,648
453,1382,0,507,60,27664,0,8470,654
454,1382,0,507,60,27653,0,8471,658
455,1381,0,508,60,27643,0,8471,656
456,1381,0,508,60,27639,0,9552,670
457,1381,0,508,60,27633,0,9012,686
458,1381,0,508,60,27626,0,9013,693
459,1381,0,508,60,27620,0,9008,702
460,1381,0,508,60,27626,0,9012,725
461,1382,0,507,60,27620,0,8817,727
462,1381,0,508,60,27625,0,8472,731
463,1382,0,507,60,27626,0,8474,761
464,1381,0,508,60,27624,0,9010,744
465,1381,0,508,60,27620,0,9010,754
466,1381,0,508,60,27621,0,9013,749
467,1382,0,507,60,27618,0,9014,757
468,1382,0,506,60,27595,0,9004,693
469,1382,0,506,60,27597,0,8465,687
470,1382,0,506,60,27592,0,8462,688
471,1382,0,506,60,27595,0,9543,691
472,1382,0,506,60,27597,0,9543,678
473,1382,0,507,60,27597,0,9004,692
474,1382,0,507,60,27601,0,9004,685
475,1382,0,507,60,27605,0,9004,705
476,1382,0,508,60,27606,0,8464,722
477,1382,0,508,60,27616,0,9004,719
478,1382,0,508,60,27626,0,9012,727
479,1382,0,508,60,27620,0,9012,738
480,1382,0,506,60,27591,0,9005,693
481,1382,0,506,60,27588,0,8465,693
482,1382,0,506,60,27588,0,8464,688
483,1382,0,506,60,27588,0,8464,687
484,1381,0,507,60,27580,0,9005,689
485,1381,0,508,60,27579,0,9005,677
486,1382,0,506,60,27580,0,10692,684
487,1382,0,504,60,27582,0,9547,685
488,1382,0,507,60,27582,0,9546,688
489,1382,0,507,60,27578,0,9546,697
490,1381,0,508,60,27576,0,9546,715
491,1381,0,508,60,27569,0,9006,708
492,1381,0,508,60,27579,0,7921,720
493,1382,0,507,60,27584,0,7921,720
494,1381,0,509,60,27583,0,7920,722
495,1381,0,509,60,27593,0,7919,725
496,1381,0,508,60,27600,0,7933,744
497,1381,0,508,60,27597,0,7933,751
498,1381,0,509,60,27610,0,7934,771
499,1382,0,506,60,27609,0,9547,708
500,1382,0,507,60,27608,0,9546,714
501,1382,0,506,60,27603,0,9547,716
502,1382,0,506,60,27607,0,9007,714
503,1382,0,506,60,27607,0,9008,711
504,1382,0,507,60,27607,0,9008,713
505,1382,0,507,60,27607,0,9005,709
506,1382,0,507,60,27612,0,9005,723
507,1382,0,508,60,27605,0,8457,712
508,1382,0,508,60,27607,0,8967,755
509,1382,0,508,60,27612,0,8461,753
510,1381,0,509,60,27653,0,8478,756
511,1380,0,511,60,27817,0,10845,670
512,1380,0,512,60,27957,0,12215,485
513,1377,0,518,60,28148,0,16260,393
514,1375,0,521,60,28243,0,18906,364
515,1372,0,527,60,28504,0,19753,230
516,1370,0,531,60,28668,0,19760,132
517,1368,0,535,60,29254,0,16938,41
518,1367,0,538,60,29690,0,16582,0
519,1364,0,543,60,30444,0,17578,0
520,1363,0,546,60,31387,838,18834,0
521,1362,0,547,60,30992,1740,19329,0
522,1362,0,547,60,30740,1840,19380,0
523,1361,0,549,60,30459,1920,19361,41
524,1361,0,549,60,30362,1985,19408,183
525,1361,0,549,60,30118,1993,19367,411
526,1361,0,549,60,29890,1957,19337,555
527,1361,0,549,60,29789,1995,19314,717
528,1361,0,549,60,29655,2020,19298,842
529,1361,0,549,60,29551,1990,19280,1008
530,1361,0,549,60,29442,1951,19222,1166
531,1361,0,549,60,29375,1908,19210,1311
532,1361,0,549,60,29363,1892,19198,1306
533,1362,0,548,60,29328,1933,19179,1396
534,1361,0,549,60,29295,1899,19166,1470
535,1362,0,548,60,29261,1926,19152,1524
536,1361,0,549,60,29208,1948,19152,1588
537,1361,0,549,60,29191,1963,19156,1615
538,1361,0,549,60,29180,1940,19161,1656
539,1363,0,547,60,29168,1947,19153,1546
540,1363,0,547,60,29156,1934,19149,1484
541,1363,0,546,60,29142,1934,19150,1467
542,1362,0,547,60,29143,1939,19151,1519
543,1362,0,547,60,29129,1938,19147,1530
544,1362,0,547,60,29105,1941,19142,1551
545,1362,0,547,60,29097,1940,19140,1586
546,1362,0,547,60,29070,1945,19141,1589
547,1362,0,547,60,29046,1946,19138,1600
548,1362,0,547,60,29051,1939,19140,1612
549,1362,0,547,60,29031,1944,19140,1607
550,1362,0,547,60,29028,1946,19142,1635
551,1362,0,548,60,29035,1962,19138,1540
552,1362,0,547,60,29039,1959,19141,1540
553,1362,0,547,60,29033,1967,19144,1535
554,1362,0,547,60,29034,1969,19144,1551
555,1362,0,547,60,29036,1969,19144,1557
556,1362,0,547,60,29034,1967,19144,1588
557,1362,0,547,60,29039,1968,19143,1617
558,1362,0,547,60,29041,1969,19142,1611
559,1362,0,547,60,29050,1970,19144,1611
560,1362,0,547,60,29048,1973,19144,1629
561,1362,0,547,60,29048,1970,19144,1631
562,1362,0,547,60,29058,1974,19144,1653
563,1362,0,547,60,29056,1973,19144,1655
564,1362,0,547,60,29068,1974,19145,1658
565,1362,0,547,60,29067,1974,19145,1656
566,1362,0,547,60,29069,1973,19144,1654
567,1362,0,548,60,29073,1972,19145,1675
568,1362,0,548,60,29074,1969,19144,1673
569,1362,0,548,60,29074,1969,19144,1673
570,1362,0,547,60,29093,1950,19142,1527
571,1362,0,547,60,29092,1967,19145,1524
572,1362,0,547,60,29105,1950,19142,1527
573,1362,0,547,60,29107,1954,19141,1530
574,1362,0,547,60,29128,1964,19140,1591
575,1361,0,549,60,29107,1965,19140,1585
576,1362,0,547,60,29127,1950,19141,1530
577,1362,0,547,60,29127,1967,19145,1525
578,1362,0,547,60,29138,1967,19143,1528
579,1362,0,548,60,29144,1964,19143,1592
580,1361,0,549,60,29143,1967,19141,1574
581,1361,0,549,60,29142,1965,19142,1593
582,1362,0,548,60,29131,1967,19139,1595
583,1362,0,548,60,29138,1967,19142,1606
584,1362,0,547,60,29132,1971,19144,1611
585,1362,0,547,60,29132,1972,19144,1615
586,1362,0,548,60,29128,1967,19145,1622
587,1362,0,548,60,29122,1970,19145,1627
588,1362,0,548,60,29118,1962,19144,1647
589,1362,0,548,60,29120,1964,19145,1644
590,1362,0,548,60,29117,1964,19145,1644
591,1362,0,548,60,29116,1964,19146,1638
592,1362,0,548,60,29114,1964,19146,1648
593,1362,0,548,60,29114,1964,19146,1648
594,1362,0,548,60,29110,1965,19146,1643
595,1362,0,548,60,29111,1965,19146,1642
596,1362,0,548,60,29108,1965,19146,1642
597,1362,0,548,60,29108,1965,19146,1641
598,1362,0,548,60,29103,1962,19146,1650
599,1362,0,548,60,29106,1969,19145,1653
600,1362,0,547,60,29098,1955,19145,1487
601,1362,0,546,60,29088,1971,19146,1500
602,1362,0,547,60,29087,1972,19142,1527
603,1362,0,547,60,29074,1968,19140,1534
604,1361,0,547,60,29061,1971,19144,1554
605,1361,0,547,60,29048,1969,19144,1596
606,1362,0,547,60,29040,1971,19141,1591
607,1362,0,547,60,29032,1971,19144,1604
608,1362,0,548,60,29015,1974,19145,1620
609,1362,0,547,60,28997,1972,19145,1637
610,1362,0,547,60,29000,1964,19146,1647
611,1361,0,549,60,29003,1966,19143,1649
612,1361,0,549,60,28997,1965,19147,1641
613,1361,0,549,60,28998,1965,19147,1640
614,1361,0,549,60,28998,1965,19147,1640
615,1361,0,549,60,29002,1965,19147,1640
616,1361,0,549,60,29004,1965,19147,1640
617,1361,0,549,60,28999,1963,19146,1639
618,1361,0,549,60,29001,1965,19147,1636
619,1362,0,548,60,29014,1958,19141,1493
620,1362,0,548,60,29013,1962,19136,1494
621,1361,0,548,60,29020,1972,19137,1530
622,1361,0,548,60,29019,1971,19140,1556
623,1361,0,548,60,29027,1972,19138,1551
624,1361,0,548,60,29027,1972,19139,1553
625,1361,0,548,60,29018,1972,19141,1564
626,1361,0,548,60,29018,1971,19140,1571
627,1361,0,549,60,29020,1972,19143,1581
628,1361,0,549,60,29024,1972,19143,1581
629,1362,0,548,60,29037,1976,19141,1606
630,1362,0,548,60,29047,1976,19141,1606
631,1362,0,547,60,29040,1976,19145,1618
632,1362,0,547,60,29046,1976,19145,1618
633,1362,0,548,60,29065,1979,19144,1623
634,1362,0,548,60,29074,1945,19110,1621
635,1363,0,546,60,29074,1673,18863,1649
636,1365,0,541,60,28881,0,16989,1590
637,1367,0,537,60,28734,0,16911,1622
638,1369,0,533,60,28618,0,18386,1627
639,1368,0,534,60,28614,0,18339,1645
640,1372,0,527,60,28479,0,19690,1644
641,1374,0,524,60,28395,0,19433,1680
642,1375,0,521,60,28307,0,19133,1614
643,1376,0,519,60,28278,0,17386,1637
644,1376,0,519,60,28186,0,16489,1641
645,1378,0,516,60,28157,0,12829,1646
646,1378,0,515,60,28085,0,10955,1635
647,1378,0,514,60,28051,0,10930,1627
648,1379,0,513,60,28005,0,10891,1691
649,1379,0,513,60,27971,0,10383,1673
650,1380,0,511,60,27927,0,10352,1667
651,1380,0,511,60,27905,0,10330,1652
652,1380,0,511,60,27843,0,10276,1672
653,1380,0,511,60,27842,0,10277,1671
654,1381,0,510,60,27822,0,9340,1658
655,1381,0,509,60,27814,0,9314,1666
656,1381,0,509,60,27805,0,8865,1664
657,1381,0,509,60,27789,0,8851,1694
658,1381,0,509,60,27746,0,7935,1685
659,1382,0,507,60,27703,0,9009,1525
660,1382,0,506,60,27706,0,9012,1555
661,1382,0,506,60,27682,0,8472,1565
662,1382,0,506,60,27666,0,9009,1528
663,1382,0,506,60,27652,0,8470,1565
664,1382,0,508,60,27663,0,9010,1611
665,1382,0,507,60,27660,0,9552,1626
666,1382,0,508,60,27637,0,9011,1622
667,1382,0,508,60,27613,0,9009,1613
668,1382,0,508,60,27609,0,9550,1615
669,1382,0,508,60,27591,0,9550,1606
670,1382,0,508,60,27582,0,8471,1610
671,1382,0,508,60,27581,0,8471,1610
672,1381,0,509,60,27583,0,8471,1609
673,1381,0,509,60,27583,0,8471,1609
674,1382,0,506,60,27604,0,9550,1568
675,1382,0,507,60,27609,0,9551,1558
676,1382,0,506,60,27607,0,9012,1564
677,1382,0,506,60,27618,0,8472,1597
678,1382,0,507,60,27619,0,9011,1601
679,1382,0,507,60,27608,0,9013,1614
680,1382,0,507,60,27612,0,9013,1629
681,1382,0,507,60,27624,0,9013,1631
682,1382,0,507,60,27624,0,9013,1629
683,1382,0,507,60,27632,0,9013,1631
684,1382,0,507,60,27635,0,9013,1631
685,1382,0,507,60,27636,0,9013,1631
686,1382,0,508,60,27655,0,9013,1647
687,1382,0,508,60,27655,0,9013,1640
688,1382,0,507,60,27654,0,9012,1644
689,1382,0,507,60,27654,0,9011,1638
690,1382,0,507,60,27654,0,8471,1653
691,1381,0,509,60,27654,0,8472,1654
692,1382,0,507,60,27652,0,8471,1653
693,1382,0,507,60,27658,0,8471,1652
694,1382,0,507,60,27657,0,8471,1652
695,1382,0,507,60,27662,0,8471,1651
696,1382,0,507,60,27663,0,8471,1651
697,1382,0,507,60,27670,0,8471,1653
698,1381,0,509,60,27677,0,8472,1664
699,1381,0,509,60,27681,0,8471,1665
700,1381,0,509,60,27689,0,8471,1665
701,1381,0,509,60,27689,0,8471,1662
702,1381,0,508,60,27684,0,8471,1665
703,1381,0,508,60,27683,0,8471,1667
704,1381,0,508,60,27680,0,8471,1668
705,1381,0,508,60,27675,0,8471,1658
706,1382,0,507,60,27677,0,8471,1666
707,1382,0,508,60,27668,0,8471,1671
708,1382,0,508,60,27663,0,8471,1669
709,1382,0,508,60,27658,0,8472,1671
710,1382,0,508,60,27656,0,8471,1666
711,1382,0,508,60,27652,0,8471,1667
712,1382,0,508,60,27648,0,8471,1666
713,1382,0,508,60,27647,0,8471,1666
714,1382,0,508,60,27646,0,8471,1666
715,1382,0,508,60,27644,0,8471,1668
716,1382,0,508,60,27644,0,8471,1666
717,1382,0,508,60,27644,0,8471,1666
718,1382,0,508,60,27644,0,8472,1672
719,1382,0,508,60,27643,0,8471,1683
720,1383,0,506,60,27621,0,10651,1562
721,1383,0,506,60,27635,0,10617,1543
722,1383,0,506,60,27625,0,10617,1577
723,1383,0,506,60,27622,0,9541,1577
724,1383,0,506,60,27623,0,9001,1598
725,1383,0,507,60,27623,0,9001,1630
726,1382,0,508,60,27623,0,9001,1625
727,1382,0,508,60,27628,0,9001,1636
728,1382,0,508,60,27624,0,8461,1646
729,1382,0,508,60,27623,0,8464,1641
730,1382,0,508,60,27621,0,8464,1641
731,1382,0,508,60,27627,0,8464,1640
732,1382,0,508,60,27625,0,8464,1639
733,1382,0,508,60,27624,0,8464,1640
734,1382,0,508,60,27627,0,8464,1635
735,1382,0,508,60,27630,0,8464,1637
736,1382,0,508,60,27633,0,8464,1642
737,1382,0,508,60,27638,0,8464,1654
738,1381,0,509,60,27639,0,8466,1649
739,1381,0,509,60,27648,0,8471,1646
740,1382,0,508,60,27651,0,8472,1660
741,1382,0,508,60,27655,0,8472,1649
742,1382,0,508,60,27662,0,8472,1658
743,1382,0,508,60,27664,0,8472,1658
744,1382,0,508,60,27666,0,8472,1647
745,1382,0,508,60,27670,0,8472,1648
746,1382,0,508,60,27672,0,8472,1648
747,1382,0,508,60,27669,0,8472,1647
748,1382,0,508,60,27662,0,8472,1646
749,1382,0,508,60,27654,0,8470,1659
750,1382,0,508,60,27645,0,8470,1659
751,1382,0,508,60,27639,0,8470,1660
752,1382,0,508,60,27629,0,8470,1662
753,1382,0,508,60,27624,0,8470,1662
754,1382,0,508,60,27619,0,8471,1669
755,1380,0,511,60,27798,0,10846,1626
756,1378,0,515,60,27966,0,10626,1616
757,1376,0,519,60,28137,0,17253,1645
758,1374,0,524,60,28243,0,19366,1651
759,1371,0,529,60,28534,0,19718,1473
760,1369,0,533,60,28897,0,19754,917
761,1367,0,537,60,29386,0,18962,341
762,1366,0,540,60,29907,0,18054,38
763,1364,0,543,60,30551,0,18420,0
764,1363,0,545,60,31092,0,18875,0
765,1363,0,545,60,31201,0,18981,0
766,1362,0,546,60,30755,0,19370,0
767,1362,0,547,60,30358,9,19404,120
768,1361,0,549,60,30104,51,19363,190
769,1361,0,549,60,29968,314,19353,258
770,1361,0,549,60,29782,645,19346,318
771,1361,0,549,60,29660,932,19314,348
772,1360,0,550,60,29556,1103,19292,382
773,1360,0,550,60,29458,1162,19286,395
774,1361,0,549,60,29359,1251,19281,388
775,1361,0,549,60,29310,1345,19278,378
776,1361,0,549,60,29284,1354,19264,387
777,1361,0,549,60,29243,1377,19260,390
778,1361,0,549,60,29238,1406,19261,347
779,1361,0,549,60,29193,1414,19263,357
780,1362,0,549,60,29154,1442,19256,359
781,1362,0,548,60,29176,1447,19257,378
782,1361,0,550,60,29187,1455,19255,367
783,1362,0,548,60,29174,1468,19257,390
784,1362,0,548,60,29168,1465,19253,348
785,1361,0,549,60,29167,1469,19255,363
786,1361,0,548,60,29141,1470,19256,362
787,1361,0,549,60,29144,1465,19251,370
788,1361,0,549,60,29155,1469,19249,355
789,1362,0,548,60,29175,1468,19250,342
790,1361,0,549,60,29170,1475,19250,332
791,1361,0,549,60,29169,1478,19250,342
792,1362,0,548,60,29166,1485,19251,334
793,1361,0,549,60,29183,1499,19250,342
794,1362,0,548,60,29157,1486,19251,337
795,1361,0,549,60,29149,1499,19250,336
796,1361,0,549,60,29143,1496,19250,342
797,1361,0,549,60,29135,1496,19250,343
798,1361,0,549,60,29122,1497,19251,338
799,1361,0,549,60,29116,1508,19251,333
800,1361,0,549,60,29108,1518,19251,333
801,1361,0,549,60,29100,1519,19251,333
802,1362,0,548,60,29090,1519,19251,342
803,1362,0,548,60,29085,1517,19251,336
804,1362,0,548,60,29073,1527,19249,335
805,1362,0,548,60,29071,1528,19249,332
806,1362,0,548,60,29070,1523,19250,331
807,1361,0,549,60,29069,1529,19249,326
808,1362,0,548,60,29064,1529,19251,320
809,1361,0,549,60,29051,1528,19250,327
810,1361,0,549,60,29036,1528,19250,327
811,1361,0,549,60,29026,1529,19251,327
812,1362,0,548,60,29005,1512,19244,352
813,1362,0,547,60,28997,1516,19248,353
814,1362,0,547,60,28985,1523,19248,354
815,1361,0,548,60,28957,1522,19249,346
816,1361,0,548,60,28932,1523,19250,343
817,1361,0,548,60,28922,1522,19247,343
818,1362,0,547,60,28908,1525,19249,358
819,1362,0,547,60,28897,1525,19249,346
820,1362,0,547,60,28892,1526,19248,342
821,1362,0,547,60,28894,1525,19249,335
822,1362,0,548,60,28886,1524,19250,337
823,1362,0,547,60,28890,1525,19250,334
824,1361,0,548,60,28905,1522,19249,327
825,1361,0,548,60,28916,1523,19251,322
826,1361,0,548,60,28929,1522,19249,329
827,1362,0,548,60,28942,1512,19245,352
828,1362,0,547,60,28966,1516,19248,353
829,1362,0,546,60,28975,1520,19247,341
830,1361,0,548,60,28990,1520,19251,341
831,1361,0,548,60,29006,1524,19251,346
832,1361,0,548,60,29019,1524,19249,342
833,1361,0,548,60,29020,1524,19248,344
834,1361,0,549,60,29033,1524,19249,342
835,1361,0,549,60,29043,1523,19251,339
836,1362,0,548,60,29046,1524,19252,352
837,1362,0,548,60,29047,1524,19250,338
838,1362,0,548,60,29050,1523,19249,341
839,1362,0,547,60,29060,1516,19250,333
840,1362,0,546,60,29082,1509,19254,364
841,1362,0,547,60,29081,1508,19250,365
842,1362,0,546,60,29102,1512,19251,342
843,1362,0,546,60,29112,1512,19249,346
844,1361,0,548,60,29126,1514,19249,345
845,1361,0,548,60,29132,1512,19250,335
846,1361,0,548,60,29151,1518,19252,341
847,1361,0,548,60,29161,1519,19250,353
848,1361,0,548,60,29168,1517,19250,348
849,1362,0,547,60,29168,1517,19251,346
850,1362,0,547,60,29174,1517,19249,331
851,1362,0,547,60,29187,1515,19250,344
852,1362,0,547,60,29188,1516,19249,333
853,1362,0,547,60,29181,1522,19246,333
854,1362,0,547,60,29138,1516,19249,338
855,1362,0,547,60,29126,1517,19249,334
856,1362,0,547,60,29123,1522,19248,337
857,1362,0,547,60,29101,1522,19248,338
858,1362,0,547,60,29073,1519,19248,338
859,1362,0,547,60,29051,1521,19248,338
860,1362,0,547,60,29030,1522,19248,340
861,1362,0,548,60,28997,1521,19248,347
862,1362,0,547,60,29002,1528,19247,348
863,1362,0,546,60,28967,1513,19254,364
864,1362,0,547,60,28941,1512,19249,361
865,1362,0,547,60,28940,1516,19251,345
866,1361,0,548,60,28946,1516,19248,340
867,1361,0,548,60,28939,1519,19248,348
868,1361,0,548,60,28943,1518,19249,340
869,1361,0,548,60,28952,1522,19250,342
870,1361,0,548,60,28960,1524,19249,351
871,1361,0,548,60,28956,1521,19250,347
872,1362,0,547,60,28969,1520,19249,352
873,1362,0,547,60,28961,1521,19250,340
874,1362,0,547,60,28974,1521,19250,334
875,1361,0,549,60,28979,1521,19249,332
876,1361,0,549,60,29001,1524,19247,344
877,1362,0,548,60,28995,1520,19250,333
878,1362,0,548,60,28998,1521,19250,333
879,1362,0,548,60,29018,1512,19253,363
880,1362,0,547,60,29024,1509,19257,361
881,1362,0,547,60,29027,1514,19257,340
882,1361,0,548,60,29040,1514,19257,346
883,1362,0,546,60,28995,1399,19191,356
884,1363,0,545,60,28930,101,18600,377
885,1365,0,541,60,28802,0,17709,365
886,1368,0,535,60,28563,0,18037,432
887,1368,0,535,60,28572,0,18047,420
888,1371,0,529,60,28418,0,19751,519
889,1373,0,525,60,28363,0,19591,556
890,1374,0,523,60,28278,0,19278,570
891,1375,0,521,60,28244,0,19088,617
892,1376,0,518,60,28112,0,16017,613
893,1378,0,516,60,28094,0,12455,671
894,1379,0,513,60,28001,0,10626,699
895,1379,0,513,60,27983,0,10606,738
896,1380,0,511,60,27894,0,11357,761
897,1380,0,512,60,27889,0,11347,779
898,1380,0,511,60,27868,0,11342,789
899,1380,0,511,60,27858,0,11361,824
900,1381,0,509,60,27770,0,10845,844
901,1381,0,510,60,27744,0,9924,880
902,1380,0,510,60,27744,0,9893,890
903,1381,0,509,60,27707,0,9837,891
904,1381,0,509,60,27692,0,9766,891
905,1381,0,508,60,27686,0,9403,897
906,1381,0,508,60,27650,0,8476,903
907,1382,0,508,60,27649,0,8492,905
908,1382,0,507,60,27640,0,8473,910
909,1383,0,505,60,27628,0,8475,924
910,1383,0,505,60,27620,0,8473,931
911,1383,0,506,60,27616,0,8472,935
912,1382,0,507,60,27625,0,8472,911
913,1383,0,506,60,27620,0,8472,897
914,1382,0,508,60,27623,0,8473,891
915,1383,0,506,60,27593,0,8472,889
916,1382,0,507,60,27586,0,8472,885
917,1382,0,508,60,27590,0,8472,892
918,1382,0,508,60,27583,0,8472,877
919,1382,0,508,60,27575,0,8472,873
920,1382,0,508,60,27573,0,8471,861
921,1381,0,509,60,27567,0,8472,868
922,1381,0,508,60,27564,0,8472,866
923,1381,0,509,60,27556,0,8472,870
924,1381,0,509,60,27551,0,8472,869
925,1382,0,506,60,27533,0,9006,909
926,1382,0,506,60,27531,0,8466,953
927,1382,0,506,60,27541,0,8463,900
928,1382,0,506,60,27539,0,9544,891
929,1382,0,506,60,27548,0,9544,897
930,1382,0,507,60,27562,0,9003,876
931,1382,0,508,60,27587,0,9004,869
932,1382,0,507,60,27599,0,9004,873
933,1382,0,507,60,27599,0,8463,868
934,1382,0,508,60,27625,0,8466,868
935,1382,0,508,60,27645,0,8466,864
936,1382,0,508,60,27667,0,8471,876
937,1382,0,508,60,27683,0,8470,863
938,1382,0,506,60,27677,0,10693,887
939,1382,0,506,60,27682,0,9546,891
940,1382,0,507,60,27690,0,10627,891
941,1381,0,509,60,27773,0,10397,876
942,1381,0,509,60,27905,0,10361,858
943,1381,0,509,60,27905,0,10322,857
944,1374,0,523,60,28321,0,19183,618
945,1374,0,523,60,28317,0,19243,611
946,1372,0,527,60,28445,0,19655,507
947,1371,0,529,60,28520,0,19755,515
948,1368,0,535,60,28650,0,19554,398
949,1366,0,539,60,28777,0,17757,351
950,1365,0,541,60,28889,0,17683,379
951,1364,0,543,60,29028,0,18258,336
952,1363,0,545,60,29200,0,18782,335
953,1362,0,546,60,29514,0,19193,233
954,1362,0,546,60,29848,0,19301,108
955,1362,0,548,60,30373,13,19410,0
956,1361,0,549,60,31034,289,19584,0
957,1361,0,549,60,31274,905,19646,0
958,1360,0,550,60,30901,1332,19577,0
959,1361,0,549,60,30498,1606,19476,73
960,1362,0,549,60,30117,1777,19378,372
961,1362,0,547,60,29907,1732,19350,579
962,1361,0,548,60,29702,1794,19302,848
963,1361,0,548,60,29550,1848,19272,960
964,1361,0,548,60,29432,1892,19263,1170
965,1362,0,549,60,29369,2028,19256,1208
966,1362,0,547,60,29286,2022,19247,1254
967,1361,0,549,60,29251,1980,19237,1373
968,1361,0,549,60,29207,1992,19257,1437
969,1361,0,549,60,29145,1990,19251,1480
970,1361,0,548,60,29103,2012,19242,1478
971,1361,0,548,60,29046,2017,19237,1512
972,1362,0,547,60,29039,2051,19233,1518
973,1361,0,548,60,29017,2059,19230,1540
974,1361,0,549,60,29027,2063,19246,1547
975,1362,0,548,60,29024,2067,19233,1564
976,1362,0,547,60,29028,2069,19229,1558
977,1362,0,547,60,29028,2069,19229,1558
978,1362,0,548,60,29055,2072,19203,1569
979,1362,0,548,60,29034,2071,19211,1568
980,1362,0,547,60,29033,2075,19208,1578
981,1362,0,548,60,29053,2074,19211,1564
982,1361,0,548,60,29073,2073,19207,1562
983,1361,0,548,60,29081,2076,19206,1561
984,1362,0,548,60,29103,2085,19212,1560
985,1362,0,548,60,29113,2085,19212,1565
986,1362,0,548,60,29112,2083,19213,1552
987,1362,0,548,60,29119,2088,19215,1557
988,1362,0,548,60,29121,2084,19220,1553
989,1361,0,548,60,29103,2094,19223,1544
990,1361,0,549,60,29102,2088,19230,1546
991,1362,0,548,60,29083,2086,19208,1554
992,1362,0,548,60,29062,2090,19205,1556
993,1362,0,547,60,29031,2086,19201,1559
994,1362,0,547,60,29022,2087,19203,1547
995,1361,0,549,60,29019,2090,19208,1552
996,1361,0,549,60,29010,2090,19205,1545
997,1362,0,548,60,29006,2089,19213,1546
998,1362,0,548,60,28992,2087,19212,1553
999,1362,0,548,60,28982,2093,19209,1546
1000,1362,0,548,60,28967,2092,19210,1563
1001,1362,0,548,60,28971,2093,19220,1546
1002,1361,0,549,60,28955,2093,19215,1555
1003,1362,0,547,60,28965,2094,19210,1569
1004,1362,0,547,60,28963,2098,19210,1575
1005,1361,0,548,60,28996,2098,19211,1573
1006,1361,0,548,60,28980,2098,19209,1571
1007,1361,0,547,60,28992,2100,19214,1570
1008,1361,0,548,60,29003,2101,19217,1576
1009,1361,0,548,60,29017,2103,19209,1575
1010,1361,0,548,60,29034,2103,19213,1573
1011,1362,0,547,60,29036,2107,19211,1568
1012,1362,0,547,60,29051,2103,19220,1574
1013,1361,0,549,60,29048,2104,19214,1578
1014,1362,0,547,60,29048,2108,19216,1566
1015,1362,0,547,60,29059,2108,19218,1553
1016,1362,0,548,60,29064,2089,19205,1549
1017,1362,0,548,60,29064,2126,19222,1549
1018,1362,0,548,60,29061,2154,19220,1550
1019,1362,0,548,60,29062,2157,19221,1550
1020,1362,0,548,60,29060,2113,19216,1555
1021,1362,0,547,60,29035,2122,19213,1557
1022,1362,0,547,60,29028,2123,19209,1557
1023,1362,0,548,60,29018,2134,19209,1559
1024,1362,0,547,60,29040,2098,19205,1552
1025,1362,0,547,60,29033,2078,19201,1547
1026,1362,0,547,60,29036,2079,19203,1547
1027,1362,0,547,60,29034,2064,19212,1547
1028,1362,0,548,60,29044,2047,19243,1558
1029,1362,0,547,60,29011,2043,19246,1563
1030,1362,0,547,60,28998,2040,19245,1564
1031,1362,0,547,60,28990,2043,19259,1573
1032,1362,0,547,60,29013,2025,19259,1558
1033,1362,0,547,60,29009,2016,19244,1553
1034,1362,0,547,60,29004,2020,19248,1545
1035,1362,0,547,60,28989,2020,19252,1547
1036,1362,0,547,60,28989,2011,19254,1548
1037,1362,0,548,60,28967,2017,19254,1543
1038,1362,0,548,60,28952,2017,19253,1541
1039,1362,0,547,60,28930,2033,19262,1542
1040,1362,0,548,60,28903,2054,19259,1536
1041,1362,0,548,60,28872,2066,19257,1535
1042,1362,0,548,60,28853,2055,19254,1541
1043,1362,0,547,60,28825,2057,19259,1539
1044,1362,0,548,60,28807,2041,19256,1537
1045,1361,0,549,60,28822,2033,19256,1564
1046,1361,0,549,60,28821,1976,19248,1570
1047,1362,0,547,60,28824,1978,19239,1552
1048,1362,0,547,60,28836,1983,19238,1566
1049,1362,0,547,60,28864,1993,19237,1569
1050,1362,0,547,60,28874,1989,19244,1564
1051,1362,0,547,60,28890,1990,19243,1566
1052,1362,0,548,60,28913,1989,19246,1570
1053,1361,0,549,60,28920,1971,19243,1563
1054,1362,0,547,60,28938,2026,19255,1532
1055,1362,0,547,60,28933,1992,19252,1544
1056,1361,0,548,60,28940,2000,19248,1536
1057,1361,0,548,60,28986,2004,19243,1566
1058,1361,0,547,60,28998,2004,19242,1562
1059,1361,0,548,60,29009,1992,19233,1567
1060,1361,0,548,60,29039,2024,19237,1564
1061,1362,0,547,60,29050,2046,19239,1564
1062,1362,0,547,60,29042,2035,19238,1581
1063,1362,0,548,60,29050,2047,19233,1575
1064,1362,0,548,60,29047,2014,19231,1573
1065,1361,0,549,60,29050,2067,19238,1565
1066,1362,0,548,60,29055,2077,19236,1570
1067,1361,0,548,60,29064,2039,19221,1568
1068,1362,0,548,60,29064,2021,19219,1568
1069,1362,0,548,60,29069,2021,19221,1568
1070,1362,0,547,60,29054,1702,18989,1563
1071,1365,0,541,60,28785,0,16639,1514
1072,1365,0,541,60,28781,0,16618,1503
1073,1367,0,538,60,28669,0,16173,1474
1074,1370,0,531,60,28485,0,19723,1527
1075,1372,0,527,60,28415,0,19686,1555
1076,1373,0,525,60,28326,0,19460,1608
1077,1375,0,521,60,28255,0,19068,1650
1078,1376,0,519,60,28176,0,17380,1598
1079,1377,0,518,60,28102,0,15299,1623
1080,1378,0,515,60,28037,0,12883,1624
1081,1378,0,514,60,27980,0,11662,1596
1082,1379,0,513,60,27906,0,11300,1626
1083,1379,0,513,60,27861,0,11121,1648
1084,1380,0,511,60,27822,0,11279,1617
1085,1380,0,511,60,27750,0,10397,1614
1086,1381,0,510,60,27697,0,12845,1626
1087,1381,0,510,60,27644,0,10449,1625
1088,1382,0,509,60,27609,0,11341,1630
1089,1381,0,510,60,27554,0,10441,1632
1090,1382,0,509,60,27521,0,10889,1620
1091,1382,0,509,60,27492,0,9434,1637
1092,1382,0,508,60,27479,0,9395,1634
1093,1382,0,508,60,27441,0,8471,1646
1094,1382,0,508,60,27446,0,8472,1642
1095,1382,0,508,60,27445,0,8474,1643
1096,1382,0,508,60,27473,0,8472,1634
1097,1382,0,508,60,27478,0,8470,1636
1098,1382,0,508,60,27488,0,8470,1637
1099,1382,0,505,60,27480,0,9556,1656
1100,1382,0,506,60,27479,0,9554,1649
1101,1382,0,507,60,27500,0,9015,1644
1102,1382,0,507,60,27491,0,8473,1652
1103,1382,0,507,60,27475,0,9013,1652
1104,1382,0,506,60,27474,0,9014,1644
1105,1382,0,507,60,27488,0,9013,1649
1106,1382,0,507,60,27527,0,9013,1646
1107,1382,0,507,60,27623,0,9012,1627
1108,1382,0,508,60,27642,0,8472,1613
1109,1382,0,508,60,27639,0,9011,1618
1110,1381,0,509,60,27700,0,9011,1554
1111,1381,0,509,60,27827,0,8471,1465
1112,1381,0,508,60,27862,0,8471,1442
1113,1381,0,508,60,27904,0,8471,1403
1114,1381,0,509,60,27934,0,8471,1389
1115,1381,0,509,60,27967,0,8473,1366
1116,1381,0,509,60,28083,0,8472,1289
1117,1381,0,509,60,28124,0,8472,1261
1118,1381,0,509,60,28125,0,7933,1251
1119,1381,0,509,60,28155,0,7932,1219
1120,1381,0,509,60,28181,0,7933,1184
1121,1381,0,509,60,28201,0,7930,1182
1122,1382,0,506,60,28190,0,9006,1035
1123,1382,0,506,60,28197,0,8473,1064
1124,1382,0,507,60,28209,0,9009,1040
1125,1382,0,507,60,28190,0,9012,1044
1126,1382,0,507,60,28201,0,9553,1063
1127,1382,0,506,60,28194,0,9006,1009
1128,1382,0,506,60,28195,0,8466,1014
1129,1382,0,506,60,28194,0,8156,1049
1130,1382,0,507,60,28200,0,9552,1053
1131,1382,0,507,60,28195,0,9552,1066
1132,1382,0,507,60,28191,0,9552,1064
1133,1382,0,507,60,28186,0,9552,1054
1134,1382,0,507,60,28196,0,8901,1080
1135,1381,0,508,60,28195,0,8901,1100
1136,1381,0,508,60,28194,0,8901,1093
1137,1382,0,507,60,28189,0,9297,1146
1138,1382,0,507,60,28188,0,9147,1147
1139,1381,0,508,60,28190,0,8680,1150
1140,1382,0,506,60,28191,0,10697,1123
1141,1383,0,505,60,28173,0,9552,1135
1142,1382,0,506,60,28174,0,9551,1127
1143,1382,0,507,60,28172,0,9550,1137
1144,1381,0,507,60,28176,0,9550,1146
1145,1381,0,508,60,28177,0,8471,1153
1146,1381,0,508,60,28175,0,8471,1164
1147,1381,0,508,60,28180,0,8471,1171
1148,1382,0,507,60,28182,0,8472,1192
1149,1381,0,508,60,28188,0,8472,1158
1150,1381,0,508,60,28186,0,8467,1160
